-- ============================================================
-- MethaDeskPro — Qdrant to Supabase Data Migration
-- Generated: 2026-03-08T07:33:02.825Z
-- Paste this into Supabase Studio > SQL Editor and run.
-- ============================================================

BEGIN;

-- PROJEKTE (3 rows)
INSERT INTO projekte ("id", "projektname", "projektnummer", "strasse", "plz", "ort", "bauleiter", "projektleiter", "polier", "status", "description", "image", "deletedAt", "archived") VALUES ('29ff60bc-8e31-4085-b77a-01fe273d56e0', 'GAZ Beringen', '1000222', 'Neuwiesenstrasse 7', '8222', 'Beringen', 'Felix Stoerchli', 'Matthew Dean', 'Francisco Jose Martinez Sanchez', 'offen', NULL, NULL, NULL, NULL) ON CONFLICT (id) DO NOTHING;
INSERT INTO projekte ("id", "projektname", "projektnummer", "strasse", "plz", "ort", "bauleiter", "projektleiter", "polier", "status", "description", "image", "deletedAt", "archived") VALUES ('7e6ceb40-c579-4e01-9608-626e95ca9b80', 'Innloc Rothenburg', '10 000 57', 'Station Ost 5', '6023', 'Rothenburg', 'Ramon Bockmuehl', 'Jochen Voehringer', 'Alexander Hikade', 'offen', NULL, NULL, NULL, NULL) ON CONFLICT (id) DO NOTHING;
INSERT INTO projekte ("id", "projektname", "projektnummer", "strasse", "plz", "ort", "bauleiter", "projektleiter", "polier", "status", "description", "image", "deletedAt", "archived") VALUES ('7efbaac0-449d-44d1-8e4f-02a98a6c1c70', 'Test ', '0000001', 'Fohlenweg 1', '9230', 'Flawil', 'Alain Bruhin', 'Alain Bruhin', 'Aldin Mehmedagic', 'offen', NULL, NULL, '2026-03-06T18:58:56.992Z', NULL) ON CONFLICT (id) DO NOTHING;

-- TEILSYSTEME (4 rows)
INSERT INTO teilsysteme ("id", "projektId", "name", "teilsystemNummer", "ks", "status", "planStatus", "abteilung", "verantwortlich", "lieferfrist", "montagetermin", "abgabePlaner", "bemerkung", "montageterminSetByBauleiter", "unternehmer") VALUES ('31123b4f-8164-4024-a02a-6b2167b6af24', '29ff60bc-8e31-4085-b77a-01fe273d56e0', 'Stossverbinder zu Stützwand + Auflager Treppe', '2102', '2', 'fertig', 'fertig', 'Planung', NULL, '', '', '', 'IFC: IFC4 | Units: SI
Source file: 2102 Stossverbinder zu Stützwand + Auflager Treppe.ifc', NULL, NULL) ON CONFLICT (id) DO NOTHING;
INSERT INTO teilsysteme ("id", "projektId", "name", "teilsystemNummer", "ks", "status", "planStatus", "abteilung", "verantwortlich", "lieferfrist", "montagetermin", "abgabePlaner", "bemerkung", "montageterminSetByBauleiter", "unternehmer") VALUES ('6a4632ae-7b10-4510-a1b0-a86e4106d9df', '29ff60bc-8e31-4085-b77a-01fe273d56e0', 'Stahlauswechslungen Treppenhaus WT', '2402', '2', 'offen', 'fertig', 'AVOR', NULL, '', '03.03.2026', '10.03.2026', '', NULL, NULL) ON CONFLICT (id) DO NOTHING;
INSERT INTO teilsysteme ("id", "projektId", "name", "teilsystemNummer", "ks", "status", "planStatus", "abteilung", "verantwortlich", "lieferfrist", "montagetermin", "abgabePlaner", "bemerkung", "montageterminSetByBauleiter", "unternehmer") VALUES ('93b551bc-39b8-45dd-ad9a-fd3585bb93ae', '29ff60bc-8e31-4085-b77a-01fe273d56e0', 'Stahlbau Massnahme best. Kran EKS', '3299', '1', 'geliefert', 'offen', 'Bau', NULL, '', '05.03.2026', '19.02.2026', '', NULL, NULL) ON CONFLICT (id) DO NOTHING;
INSERT INTO teilsysteme ("id", "projektId", "name", "teilsystemNummer", "ks", "status", "planStatus", "abteilung", "verantwortlich", "lieferfrist", "montagetermin", "abgabePlaner", "bemerkung", "montageterminSetByBauleiter", "unternehmer") VALUES ('e40a08c7-e832-44bc-8e49-2f37d40458bd', '29ff60bc-8e31-4085-b77a-01fe273d56e0', 'CNS Einlage Waschraum für Beleuchtung', '2114', '2', 'in arbeit', 'fertig', 'Schlosserei', NULL, '12.03.2026', '17.03.2026', '02.03.2026', '', NULL, NULL) ON CONFLICT (id) DO NOTHING;

-- POSITIONEN (31 rows)
INSERT INTO positionen ("id", "teilsystemId", "projektId", "name", "nummer", "status", "planStatus", "abteilung", "menge", "einheit", "material", "lieferant", "preis", "lieferfrist", "bemerkung") VALUES ('0890d218-c840-4c34-911a-dcf994fd69c1', '6a4632ae-7b10-4510-a1b0-a86e4106d9df', '29ff60bc-8e31-4085-b77a-01fe273d56e0', 'Schraubanker', NULL, 'offen', NULL, NULL, 1, 'Stk', NULL, NULL, NULL, NULL, NULL) ON CONFLICT (id) DO NOTHING;
INSERT INTO positionen ("id", "teilsystemId", "projektId", "name", "nummer", "status", "planStatus", "abteilung", "menge", "einheit", "material", "lieferant", "preis", "lieferfrist", "bemerkung") VALUES ('0cfdb36a-2209-4592-a26d-84a8abfa14b6', 'e40a08c7-e832-44bc-8e49-2f37d40458bd', '29ff60bc-8e31-4085-b77a-01fe273d56e0', 'Abkantblech', NULL, 'offen', NULL, NULL, 1, 'Stk', NULL, NULL, NULL, NULL, NULL) ON CONFLICT (id) DO NOTHING;
INSERT INTO positionen ("id", "teilsystemId", "projektId", "name", "nummer", "status", "planStatus", "abteilung", "menge", "einheit", "material", "lieferant", "preis", "lieferfrist", "bemerkung") VALUES ('12b6a9e0-0268-4df8-8a10-093a62e91c3e', '6a4632ae-7b10-4510-a1b0-a86e4106d9df', '29ff60bc-8e31-4085-b77a-01fe273d56e0', 'Fensterbauschraube', NULL, 'offen', NULL, NULL, 1, 'Stk', NULL, NULL, NULL, NULL, NULL) ON CONFLICT (id) DO NOTHING;
INSERT INTO positionen ("id", "teilsystemId", "projektId", "name", "nummer", "status", "planStatus", "abteilung", "menge", "einheit", "material", "lieferant", "preis", "lieferfrist", "bemerkung") VALUES ('132fd0f3-03ff-4231-a5a4-7af3ce619553', 'e40a08c7-e832-44bc-8e49-2f37d40458bd', '29ff60bc-8e31-4085-b77a-01fe273d56e0', 'Abkantblech', NULL, 'offen', NULL, NULL, 1, 'Stk', NULL, NULL, NULL, NULL, NULL) ON CONFLICT (id) DO NOTHING;
INSERT INTO positionen ("id", "teilsystemId", "projektId", "name", "nummer", "status", "planStatus", "abteilung", "menge", "einheit", "material", "lieferant", "preis", "lieferfrist", "bemerkung") VALUES ('2d090535-e591-4189-b5b8-c1436909cd7c', '93b551bc-39b8-45dd-ad9a-fd3585bb93ae', NULL, 'Lindapter M20', NULL, 'geliefert', 'fertig', NULL, 10, 'Stk', NULL, NULL, NULL, NULL, '') ON CONFLICT (id) DO NOTHING;
INSERT INTO positionen ("id", "teilsystemId", "projektId", "name", "nummer", "status", "planStatus", "abteilung", "menge", "einheit", "material", "lieferant", "preis", "lieferfrist", "bemerkung") VALUES ('30cb7c7b-16a7-429c-a086-cd320a265b28', '6a4632ae-7b10-4510-a1b0-a86e4106d9df', '29ff60bc-8e31-4085-b77a-01fe273d56e0', 'Fensterbauschraube', NULL, 'offen', NULL, NULL, 1, 'Stk', NULL, NULL, NULL, NULL, NULL) ON CONFLICT (id) DO NOTHING;
INSERT INTO positionen ("id", "teilsystemId", "projektId", "name", "nummer", "status", "planStatus", "abteilung", "menge", "einheit", "material", "lieferant", "preis", "lieferfrist", "bemerkung") VALUES ('351c2e81-5ded-4333-800b-5a11a501d79d', '93b551bc-39b8-45dd-ad9a-fd3585bb93ae', NULL, '101 Stütze', NULL, 'geliefert', 'fertig', NULL, 2, 'Stk', NULL, NULL, NULL, NULL, '') ON CONFLICT (id) DO NOTHING;
INSERT INTO positionen ("id", "teilsystemId", "projektId", "name", "nummer", "status", "planStatus", "abteilung", "menge", "einheit", "material", "lieferant", "preis", "lieferfrist", "bemerkung") VALUES ('3e8ca642-3771-4838-932e-8f28128a5f96', 'e40a08c7-e832-44bc-8e49-2f37d40458bd', '29ff60bc-8e31-4085-b77a-01fe273d56e0', 'Abkantblech', NULL, 'offen', NULL, NULL, 1, 'Stk', NULL, NULL, NULL, NULL, NULL) ON CONFLICT (id) DO NOTHING;
INSERT INTO positionen ("id", "teilsystemId", "projektId", "name", "nummer", "status", "planStatus", "abteilung", "menge", "einheit", "material", "lieferant", "preis", "lieferfrist", "bemerkung") VALUES ('4fd917e7-e975-45ca-8145-7e611e7e59f6', 'e40a08c7-e832-44bc-8e49-2f37d40458bd', '29ff60bc-8e31-4085-b77a-01fe273d56e0', 'Abkantblech', NULL, 'offen', NULL, NULL, 1, 'Stk', NULL, NULL, NULL, NULL, NULL) ON CONFLICT (id) DO NOTHING;
INSERT INTO positionen ("id", "teilsystemId", "projektId", "name", "nummer", "status", "planStatus", "abteilung", "menge", "einheit", "material", "lieferant", "preis", "lieferfrist", "bemerkung") VALUES ('53ca0c75-7e40-448d-9dcb-a87ae0d8b882', '6a4632ae-7b10-4510-a1b0-a86e4106d9df', '29ff60bc-8e31-4085-b77a-01fe273d56e0', 'Abschalung WT', NULL, 'offen', NULL, NULL, 1, 'Stk', NULL, NULL, NULL, NULL, NULL) ON CONFLICT (id) DO NOTHING;
INSERT INTO positionen ("id", "teilsystemId", "projektId", "name", "nummer", "status", "planStatus", "abteilung", "menge", "einheit", "material", "lieferant", "preis", "lieferfrist", "bemerkung") VALUES ('563321fc-ac23-4ba3-bb87-012f5eaa9ff4', '6a4632ae-7b10-4510-a1b0-a86e4106d9df', '29ff60bc-8e31-4085-b77a-01fe273d56e0', 'Fensterbauschraube', NULL, 'offen', NULL, NULL, 1, 'Stk', NULL, NULL, NULL, NULL, NULL) ON CONFLICT (id) DO NOTHING;
INSERT INTO positionen ("id", "teilsystemId", "projektId", "name", "nummer", "status", "planStatus", "abteilung", "menge", "einheit", "material", "lieferant", "preis", "lieferfrist", "bemerkung") VALUES ('6aa26cfc-8066-44fe-9fd3-54d8c719e48d', 'e40a08c7-e832-44bc-8e49-2f37d40458bd', '29ff60bc-8e31-4085-b77a-01fe273d56e0', 'Abkantblech', NULL, 'offen', NULL, NULL, 1, 'Stk', NULL, NULL, NULL, NULL, NULL) ON CONFLICT (id) DO NOTHING;
INSERT INTO positionen ("id", "teilsystemId", "projektId", "name", "nummer", "status", "planStatus", "abteilung", "menge", "einheit", "material", "lieferant", "preis", "lieferfrist", "bemerkung") VALUES ('778966e4-d691-4758-9300-4bc298123f9e', '6a4632ae-7b10-4510-a1b0-a86e4106d9df', '29ff60bc-8e31-4085-b77a-01fe273d56e0', 'Fensterbauschraube', NULL, 'offen', NULL, NULL, 1, 'Stk', NULL, NULL, NULL, NULL, NULL) ON CONFLICT (id) DO NOTHING;
INSERT INTO positionen ("id", "teilsystemId", "projektId", "name", "nummer", "status", "planStatus", "abteilung", "menge", "einheit", "material", "lieferant", "preis", "lieferfrist", "bemerkung") VALUES ('7b2d0eeb-669e-4dd1-904a-552750fdd29b', '6a4632ae-7b10-4510-a1b0-a86e4106d9df', '29ff60bc-8e31-4085-b77a-01fe273d56e0', 'Schallager', NULL, 'offen', NULL, NULL, 1, 'Stk', NULL, NULL, NULL, NULL, NULL) ON CONFLICT (id) DO NOTHING;
INSERT INTO positionen ("id", "teilsystemId", "projektId", "name", "nummer", "status", "planStatus", "abteilung", "menge", "einheit", "material", "lieferant", "preis", "lieferfrist", "bemerkung") VALUES ('7da30ca9-49ec-41f9-9f9d-97b8519472b3', '6a4632ae-7b10-4510-a1b0-a86e4106d9df', '29ff60bc-8e31-4085-b77a-01fe273d56e0', 'Schallager', NULL, 'offen', NULL, NULL, 1, 'Stk', NULL, NULL, NULL, NULL, NULL) ON CONFLICT (id) DO NOTHING;
INSERT INTO positionen ("id", "teilsystemId", "projektId", "name", "nummer", "status", "planStatus", "abteilung", "menge", "einheit", "material", "lieferant", "preis", "lieferfrist", "bemerkung") VALUES ('82f8c186-8ef2-4954-bb67-9bb4e548a2e9', 'e40a08c7-e832-44bc-8e49-2f37d40458bd', '29ff60bc-8e31-4085-b77a-01fe273d56e0', 'Abkantblech', NULL, 'offen', NULL, NULL, 1, 'Stk', NULL, NULL, NULL, NULL, NULL) ON CONFLICT (id) DO NOTHING;
INSERT INTO positionen ("id", "teilsystemId", "projektId", "name", "nummer", "status", "planStatus", "abteilung", "menge", "einheit", "material", "lieferant", "preis", "lieferfrist", "bemerkung") VALUES ('8e93e1af-7660-418c-87ef-d011d705f3a8', 'e40a08c7-e832-44bc-8e49-2f37d40458bd', '29ff60bc-8e31-4085-b77a-01fe273d56e0', 'Abkantblech', NULL, 'offen', NULL, NULL, 1, 'Stk', NULL, NULL, NULL, NULL, NULL) ON CONFLICT (id) DO NOTHING;
INSERT INTO positionen ("id", "teilsystemId", "projektId", "name", "nummer", "status", "planStatus", "abteilung", "menge", "einheit", "material", "lieferant", "preis", "lieferfrist", "bemerkung") VALUES ('91d32ddc-3289-478b-911a-8f9b119db1e4', '6a4632ae-7b10-4510-a1b0-a86e4106d9df', '29ff60bc-8e31-4085-b77a-01fe273d56e0', 'Fensterbauschraube', NULL, 'offen', NULL, NULL, 1, 'Stk', NULL, NULL, NULL, NULL, NULL) ON CONFLICT (id) DO NOTHING;
INSERT INTO positionen ("id", "teilsystemId", "projektId", "name", "nummer", "status", "planStatus", "abteilung", "menge", "einheit", "material", "lieferant", "preis", "lieferfrist", "bemerkung") VALUES ('9dd190e0-a654-40cf-9211-3a2e6f591871', 'e40a08c7-e832-44bc-8e49-2f37d40458bd', '29ff60bc-8e31-4085-b77a-01fe273d56e0', 'Abkantblech', NULL, 'offen', NULL, NULL, 1, 'Stk', NULL, NULL, NULL, NULL, NULL) ON CONFLICT (id) DO NOTHING;
INSERT INTO positionen ("id", "teilsystemId", "projektId", "name", "nummer", "status", "planStatus", "abteilung", "menge", "einheit", "material", "lieferant", "preis", "lieferfrist", "bemerkung") VALUES ('c61cac4e-f923-43e8-932f-8d16e41faf76', 'e40a08c7-e832-44bc-8e49-2f37d40458bd', '29ff60bc-8e31-4085-b77a-01fe273d56e0', 'Abkantblech', NULL, 'offen', NULL, NULL, 1, 'Stk', NULL, NULL, NULL, NULL, NULL) ON CONFLICT (id) DO NOTHING;
INSERT INTO positionen ("id", "teilsystemId", "projektId", "name", "nummer", "status", "planStatus", "abteilung", "menge", "einheit", "material", "lieferant", "preis", "lieferfrist", "bemerkung") VALUES ('caf26297-08d7-44cf-a84a-405221d243a3', 'e40a08c7-e832-44bc-8e49-2f37d40458bd', '29ff60bc-8e31-4085-b77a-01fe273d56e0', 'Abkantblech', NULL, 'offen', NULL, NULL, 1, 'Stk', NULL, NULL, NULL, NULL, NULL) ON CONFLICT (id) DO NOTHING;
INSERT INTO positionen ("id", "teilsystemId", "projektId", "name", "nummer", "status", "planStatus", "abteilung", "menge", "einheit", "material", "lieferant", "preis", "lieferfrist", "bemerkung") VALUES ('ce781da1-6374-475f-a632-ba7ad95a9850', '6a4632ae-7b10-4510-a1b0-a86e4106d9df', '29ff60bc-8e31-4085-b77a-01fe273d56e0', 'Schraubanker', NULL, 'offen', NULL, NULL, 1, 'Stk', NULL, NULL, NULL, NULL, NULL) ON CONFLICT (id) DO NOTHING;
INSERT INTO positionen ("id", "teilsystemId", "projektId", "name", "nummer", "status", "planStatus", "abteilung", "menge", "einheit", "material", "lieferant", "preis", "lieferfrist", "bemerkung") VALUES ('e15af0e9-d9fc-4a25-8919-b907116f1ffd', '6a4632ae-7b10-4510-a1b0-a86e4106d9df', '29ff60bc-8e31-4085-b77a-01fe273d56e0', 'Fensterbauschraube', NULL, 'offen', NULL, NULL, 1, 'Stk', NULL, NULL, NULL, NULL, NULL) ON CONFLICT (id) DO NOTHING;
INSERT INTO positionen ("id", "teilsystemId", "projektId", "name", "nummer", "status", "planStatus", "abteilung", "menge", "einheit", "material", "lieferant", "preis", "lieferfrist", "bemerkung") VALUES ('e1e15ffa-346f-4d79-b85e-1bb91a686bdb', '6a4632ae-7b10-4510-a1b0-a86e4106d9df', '29ff60bc-8e31-4085-b77a-01fe273d56e0', 'Schallager', NULL, 'offen', NULL, NULL, 1, 'Stk', NULL, NULL, NULL, NULL, NULL) ON CONFLICT (id) DO NOTHING;
INSERT INTO positionen ("id", "teilsystemId", "projektId", "name", "nummer", "status", "planStatus", "abteilung", "menge", "einheit", "material", "lieferant", "preis", "lieferfrist", "bemerkung") VALUES ('eeb2279f-fdf4-46c4-a87d-c6afd24c9e1b', 'e40a08c7-e832-44bc-8e49-2f37d40458bd', '29ff60bc-8e31-4085-b77a-01fe273d56e0', 'Abkantblech', NULL, 'offen', NULL, NULL, 1, 'Stk', NULL, NULL, NULL, NULL, NULL) ON CONFLICT (id) DO NOTHING;
INSERT INTO positionen ("id", "teilsystemId", "projektId", "name", "nummer", "status", "planStatus", "abteilung", "menge", "einheit", "material", "lieferant", "preis", "lieferfrist", "bemerkung") VALUES ('ef77b05f-311c-4167-8ef6-7849f476df8f', '6a4632ae-7b10-4510-a1b0-a86e4106d9df', '29ff60bc-8e31-4085-b77a-01fe273d56e0', 'Schallager', NULL, 'offen', NULL, NULL, 1, 'Stk', NULL, NULL, NULL, NULL, NULL) ON CONFLICT (id) DO NOTHING;
INSERT INTO positionen ("id", "teilsystemId", "projektId", "name", "nummer", "status", "planStatus", "abteilung", "menge", "einheit", "material", "lieferant", "preis", "lieferfrist", "bemerkung") VALUES ('f8198872-6a74-4adc-8ee3-d9cfb72cf5c1', 'e40a08c7-e832-44bc-8e49-2f37d40458bd', '29ff60bc-8e31-4085-b77a-01fe273d56e0', 'Abkantblech', NULL, 'offen', NULL, NULL, 1, 'Stk', NULL, NULL, NULL, NULL, NULL) ON CONFLICT (id) DO NOTHING;
INSERT INTO positionen ("id", "teilsystemId", "projektId", "name", "nummer", "status", "planStatus", "abteilung", "menge", "einheit", "material", "lieferant", "preis", "lieferfrist", "bemerkung") VALUES ('f9bf861e-8fe3-4129-92a3-362ee2454765', '6a4632ae-7b10-4510-a1b0-a86e4106d9df', '29ff60bc-8e31-4085-b77a-01fe273d56e0', 'Fensterbauschraube', NULL, 'offen', NULL, NULL, 1, 'Stk', NULL, NULL, NULL, NULL, NULL) ON CONFLICT (id) DO NOTHING;
INSERT INTO positionen ("id", "teilsystemId", "projektId", "name", "nummer", "status", "planStatus", "abteilung", "menge", "einheit", "material", "lieferant", "preis", "lieferfrist", "bemerkung") VALUES ('fbc49730-e58f-4473-aeca-1ffcdea86ac9', '6a4632ae-7b10-4510-a1b0-a86e4106d9df', '29ff60bc-8e31-4085-b77a-01fe273d56e0', 'Fuge', NULL, 'offen', NULL, NULL, 1, 'Stk', NULL, NULL, NULL, NULL, NULL) ON CONFLICT (id) DO NOTHING;
INSERT INTO positionen ("id", "teilsystemId", "projektId", "name", "nummer", "status", "planStatus", "abteilung", "menge", "einheit", "material", "lieferant", "preis", "lieferfrist", "bemerkung") VALUES ('ff00aa18-a1de-49f1-aa2e-8d56a3ee055b', 'e40a08c7-e832-44bc-8e49-2f37d40458bd', '29ff60bc-8e31-4085-b77a-01fe273d56e0', 'Abkantblech', NULL, 'offen', NULL, NULL, 1, 'Stk', NULL, NULL, NULL, NULL, NULL) ON CONFLICT (id) DO NOTHING;
INSERT INTO positionen ("id", "teilsystemId", "projektId", "name", "nummer", "status", "planStatus", "abteilung", "menge", "einheit", "material", "lieferant", "preis", "lieferfrist", "bemerkung") VALUES ('ff953dae-0fd8-4c3a-8fc8-f552d284a1fc', 'e40a08c7-e832-44bc-8e49-2f37d40458bd', '29ff60bc-8e31-4085-b77a-01fe273d56e0', 'Abkantblech', NULL, 'offen', NULL, NULL, 1, 'Stk', NULL, NULL, NULL, NULL, NULL) ON CONFLICT (id) DO NOTHING;

-- UNTERPOSITIONEN (306 rows)
INSERT INTO unterpositionen ("id", "positionId", "teilsystemId", "projektId", "name", "nummer", "status", "planStatus", "abteilung", "menge", "einheit", "material", "lieferant", "preis", "lieferfrist", "bemerkung") VALUES ('00a6a426-caa6-405b-93e5-f0e333544e21', '6aa26cfc-8066-44fe-9fd3-54d8c719e48d', 'e40a08c7-e832-44bc-8e49-2f37d40458bd', '29ff60bc-8e31-4085-b77a-01fe273d56e0', 'WELD', NULL, 'offen', NULL, NULL, 1, 'Stk', '', NULL, NULL, NULL, NULL) ON CONFLICT (id) DO NOTHING;
INSERT INTO unterpositionen ("id", "positionId", "teilsystemId", "projektId", "name", "nummer", "status", "planStatus", "abteilung", "menge", "einheit", "material", "lieferant", "preis", "lieferfrist", "bemerkung") VALUES ('034e8fc4-c32d-4413-976b-321f006d0c6f', '132fd0f3-03ff-4231-a5a4-7af3ce619553', 'e40a08c7-e832-44bc-8e49-2f37d40458bd', '29ff60bc-8e31-4085-b77a-01fe273d56e0', 'Bauteil', NULL, 'offen', NULL, NULL, 1, 'Stk', '', NULL, NULL, NULL, NULL) ON CONFLICT (id) DO NOTHING;
INSERT INTO unterpositionen ("id", "positionId", "teilsystemId", "projektId", "name", "nummer", "status", "planStatus", "abteilung", "menge", "einheit", "material", "lieferant", "preis", "lieferfrist", "bemerkung") VALUES ('05d8532f-23f8-4ede-a331-8dff1fda916d', '82f8c186-8ef2-4954-bb67-9bb4e548a2e9', 'e40a08c7-e832-44bc-8e49-2f37d40458bd', '29ff60bc-8e31-4085-b77a-01fe273d56e0', 'WELD', NULL, 'offen', NULL, NULL, 1, 'Stk', '', NULL, NULL, NULL, NULL) ON CONFLICT (id) DO NOTHING;
INSERT INTO unterpositionen ("id", "positionId", "teilsystemId", "projektId", "name", "nummer", "status", "planStatus", "abteilung", "menge", "einheit", "material", "lieferant", "preis", "lieferfrist", "bemerkung") VALUES ('05dcce47-b83f-4da6-9548-18c596bdbf94', 'ff953dae-0fd8-4c3a-8fc8-f552d284a1fc', 'e40a08c7-e832-44bc-8e49-2f37d40458bd', '29ff60bc-8e31-4085-b77a-01fe273d56e0', 'WELD', NULL, 'offen', NULL, NULL, 1, 'Stk', '', NULL, NULL, NULL, NULL) ON CONFLICT (id) DO NOTHING;
INSERT INTO unterpositionen ("id", "positionId", "teilsystemId", "projektId", "name", "nummer", "status", "planStatus", "abteilung", "menge", "einheit", "material", "lieferant", "preis", "lieferfrist", "bemerkung") VALUES ('072b1016-b1fb-4e40-ad5d-74e8ee56093c', '53ca0c75-7e40-448d-9dcb-a87ae0d8b882', '6a4632ae-7b10-4510-a1b0-a86e4106d9df', '29ff60bc-8e31-4085-b77a-01fe273d56e0', 'WELD', NULL, 'offen', NULL, NULL, 1, 'Stk', '', NULL, NULL, NULL, NULL) ON CONFLICT (id) DO NOTHING;
INSERT INTO unterpositionen ("id", "positionId", "teilsystemId", "projektId", "name", "nummer", "status", "planStatus", "abteilung", "menge", "einheit", "material", "lieferant", "preis", "lieferfrist", "bemerkung") VALUES ('0829f3a4-f8b6-46a1-b9af-f41dd70e0b8a', 'c61cac4e-f923-43e8-932f-8d16e41faf76', 'e40a08c7-e832-44bc-8e49-2f37d40458bd', '29ff60bc-8e31-4085-b77a-01fe273d56e0', 'WELD', NULL, 'offen', NULL, NULL, 1, 'Stk', '', NULL, NULL, NULL, NULL) ON CONFLICT (id) DO NOTHING;
INSERT INTO unterpositionen ("id", "positionId", "teilsystemId", "projektId", "name", "nummer", "status", "planStatus", "abteilung", "menge", "einheit", "material", "lieferant", "preis", "lieferfrist", "bemerkung") VALUES ('09915741-1528-4983-aab0-950854311386', '8e93e1af-7660-418c-87ef-d011d705f3a8', 'e40a08c7-e832-44bc-8e49-2f37d40458bd', '29ff60bc-8e31-4085-b77a-01fe273d56e0', 'Bauteil', NULL, 'offen', NULL, NULL, 1, 'Stk', '', NULL, NULL, NULL, NULL) ON CONFLICT (id) DO NOTHING;
INSERT INTO unterpositionen ("id", "positionId", "teilsystemId", "projektId", "name", "nummer", "status", "planStatus", "abteilung", "menge", "einheit", "material", "lieferant", "preis", "lieferfrist", "bemerkung") VALUES ('09f3e4e4-9816-4554-813b-ac06799931de', '53ca0c75-7e40-448d-9dcb-a87ae0d8b882', '6a4632ae-7b10-4510-a1b0-a86e4106d9df', '29ff60bc-8e31-4085-b77a-01fe273d56e0', 'WELD', NULL, 'offen', NULL, NULL, 1, 'Stk', '', NULL, NULL, NULL, NULL) ON CONFLICT (id) DO NOTHING;
INSERT INTO unterpositionen ("id", "positionId", "teilsystemId", "projektId", "name", "nummer", "status", "planStatus", "abteilung", "menge", "einheit", "material", "lieferant", "preis", "lieferfrist", "bemerkung") VALUES ('0a312322-e917-4107-9463-b923e9ad51d3', 'ff00aa18-a1de-49f1-aa2e-8d56a3ee055b', 'e40a08c7-e832-44bc-8e49-2f37d40458bd', '29ff60bc-8e31-4085-b77a-01fe273d56e0', 'WELD', NULL, 'offen', NULL, NULL, 1, 'Stk', '', NULL, NULL, NULL, NULL) ON CONFLICT (id) DO NOTHING;
INSERT INTO unterpositionen ("id", "positionId", "teilsystemId", "projektId", "name", "nummer", "status", "planStatus", "abteilung", "menge", "einheit", "material", "lieferant", "preis", "lieferfrist", "bemerkung") VALUES ('0b2951f9-cf68-4a64-abeb-36d34606e4ed', '9dd190e0-a654-40cf-9211-3a2e6f591871', 'e40a08c7-e832-44bc-8e49-2f37d40458bd', '29ff60bc-8e31-4085-b77a-01fe273d56e0', 'WELD', NULL, 'offen', NULL, NULL, 1, 'Stk', '', NULL, NULL, NULL, NULL) ON CONFLICT (id) DO NOTHING;
INSERT INTO unterpositionen ("id", "positionId", "teilsystemId", "projektId", "name", "nummer", "status", "planStatus", "abteilung", "menge", "einheit", "material", "lieferant", "preis", "lieferfrist", "bemerkung") VALUES ('0bec6fdf-3535-489f-b6ed-127f2661f521', 'ff953dae-0fd8-4c3a-8fc8-f552d284a1fc', 'e40a08c7-e832-44bc-8e49-2f37d40458bd', '29ff60bc-8e31-4085-b77a-01fe273d56e0', 'WELD', NULL, 'offen', NULL, NULL, 1, 'Stk', '', NULL, NULL, NULL, NULL) ON CONFLICT (id) DO NOTHING;
INSERT INTO unterpositionen ("id", "positionId", "teilsystemId", "projektId", "name", "nummer", "status", "planStatus", "abteilung", "menge", "einheit", "material", "lieferant", "preis", "lieferfrist", "bemerkung") VALUES ('0c3d3f2a-c4c1-4420-8159-8e36879aa923', 'f8198872-6a74-4adc-8ee3-d9cfb72cf5c1', 'e40a08c7-e832-44bc-8e49-2f37d40458bd', '29ff60bc-8e31-4085-b77a-01fe273d56e0', 'WELD', NULL, 'offen', NULL, NULL, 1, 'Stk', '', NULL, NULL, NULL, NULL) ON CONFLICT (id) DO NOTHING;
INSERT INTO unterpositionen ("id", "positionId", "teilsystemId", "projektId", "name", "nummer", "status", "planStatus", "abteilung", "menge", "einheit", "material", "lieferant", "preis", "lieferfrist", "bemerkung") VALUES ('0c5bdc4f-ebd7-4f2b-aa63-6e7325dcd244', 'caf26297-08d7-44cf-a84a-405221d243a3', 'e40a08c7-e832-44bc-8e49-2f37d40458bd', '29ff60bc-8e31-4085-b77a-01fe273d56e0', 'WELD', NULL, 'offen', NULL, NULL, 1, 'Stk', '', NULL, NULL, NULL, NULL) ON CONFLICT (id) DO NOTHING;
INSERT INTO unterpositionen ("id", "positionId", "teilsystemId", "projektId", "name", "nummer", "status", "planStatus", "abteilung", "menge", "einheit", "material", "lieferant", "preis", "lieferfrist", "bemerkung") VALUES ('0ca17eac-55b7-4440-b32e-f7d7668ed7a9', 'ef77b05f-311c-4167-8ef6-7849f476df8f', '6a4632ae-7b10-4510-a1b0-a86e4106d9df', '29ff60bc-8e31-4085-b77a-01fe273d56e0', 'Schallager', NULL, 'offen', NULL, NULL, 1, 'Stk', '', NULL, NULL, NULL, NULL) ON CONFLICT (id) DO NOTHING;
INSERT INTO unterpositionen ("id", "positionId", "teilsystemId", "projektId", "name", "nummer", "status", "planStatus", "abteilung", "menge", "einheit", "material", "lieferant", "preis", "lieferfrist", "bemerkung") VALUES ('0ebf0b18-de4e-4b00-a572-8b2bceeefe49', '8e93e1af-7660-418c-87ef-d011d705f3a8', 'e40a08c7-e832-44bc-8e49-2f37d40458bd', '29ff60bc-8e31-4085-b77a-01fe273d56e0', 'WELD', NULL, 'offen', NULL, NULL, 1, 'Stk', '', NULL, NULL, NULL, NULL) ON CONFLICT (id) DO NOTHING;
INSERT INTO unterpositionen ("id", "positionId", "teilsystemId", "projektId", "name", "nummer", "status", "planStatus", "abteilung", "menge", "einheit", "material", "lieferant", "preis", "lieferfrist", "bemerkung") VALUES ('0f1ea759-11f9-4b55-9640-378d93707465', '8e93e1af-7660-418c-87ef-d011d705f3a8', 'e40a08c7-e832-44bc-8e49-2f37d40458bd', '29ff60bc-8e31-4085-b77a-01fe273d56e0', 'WELD', NULL, 'offen', NULL, NULL, 1, 'Stk', '', NULL, NULL, NULL, NULL) ON CONFLICT (id) DO NOTHING;
INSERT INTO unterpositionen ("id", "positionId", "teilsystemId", "projektId", "name", "nummer", "status", "planStatus", "abteilung", "menge", "einheit", "material", "lieferant", "preis", "lieferfrist", "bemerkung") VALUES ('107b4c53-45b4-4068-8c33-31bc54b597ff', 'eeb2279f-fdf4-46c4-a87d-c6afd24c9e1b', 'e40a08c7-e832-44bc-8e49-2f37d40458bd', '29ff60bc-8e31-4085-b77a-01fe273d56e0', 'WELD', NULL, 'offen', NULL, NULL, 1, 'Stk', '', NULL, NULL, NULL, NULL) ON CONFLICT (id) DO NOTHING;
INSERT INTO unterpositionen ("id", "positionId", "teilsystemId", "projektId", "name", "nummer", "status", "planStatus", "abteilung", "menge", "einheit", "material", "lieferant", "preis", "lieferfrist", "bemerkung") VALUES ('109bc50c-0cca-4cdc-955a-192943903ea4', '53ca0c75-7e40-448d-9dcb-a87ae0d8b882', '6a4632ae-7b10-4510-a1b0-a86e4106d9df', '29ff60bc-8e31-4085-b77a-01fe273d56e0', 'WELD', NULL, 'offen', NULL, NULL, 1, 'Stk', '', NULL, NULL, NULL, NULL) ON CONFLICT (id) DO NOTHING;
INSERT INTO unterpositionen ("id", "positionId", "teilsystemId", "projektId", "name", "nummer", "status", "planStatus", "abteilung", "menge", "einheit", "material", "lieferant", "preis", "lieferfrist", "bemerkung") VALUES ('1115d12d-5b84-4a56-99ff-d1305fc49071', '4fd917e7-e975-45ca-8145-7e611e7e59f6', 'e40a08c7-e832-44bc-8e49-2f37d40458bd', '29ff60bc-8e31-4085-b77a-01fe273d56e0', 'WELD', NULL, 'offen', NULL, NULL, 1, 'Stk', '', NULL, NULL, NULL, NULL) ON CONFLICT (id) DO NOTHING;
INSERT INTO unterpositionen ("id", "positionId", "teilsystemId", "projektId", "name", "nummer", "status", "planStatus", "abteilung", "menge", "einheit", "material", "lieferant", "preis", "lieferfrist", "bemerkung") VALUES ('111e8072-2eea-4452-a0dc-f9cd0de30b47', 'caf26297-08d7-44cf-a84a-405221d243a3', 'e40a08c7-e832-44bc-8e49-2f37d40458bd', '29ff60bc-8e31-4085-b77a-01fe273d56e0', 'Bauteil', NULL, 'offen', NULL, NULL, 1, 'Stk', '', NULL, NULL, NULL, NULL) ON CONFLICT (id) DO NOTHING;
INSERT INTO unterpositionen ("id", "positionId", "teilsystemId", "projektId", "name", "nummer", "status", "planStatus", "abteilung", "menge", "einheit", "material", "lieferant", "preis", "lieferfrist", "bemerkung") VALUES ('11f558ea-7be8-4540-b0b8-8e70f1090967', '0cfdb36a-2209-4592-a26d-84a8abfa14b6', 'e40a08c7-e832-44bc-8e49-2f37d40458bd', '29ff60bc-8e31-4085-b77a-01fe273d56e0', 'Abkantblech', NULL, 'offen', NULL, NULL, 6, 'Stk', '', NULL, NULL, NULL, NULL) ON CONFLICT (id) DO NOTHING;
INSERT INTO unterpositionen ("id", "positionId", "teilsystemId", "projektId", "name", "nummer", "status", "planStatus", "abteilung", "menge", "einheit", "material", "lieferant", "preis", "lieferfrist", "bemerkung") VALUES ('120a12d6-c560-45f7-9e07-cb8bac81bf13', '132fd0f3-03ff-4231-a5a4-7af3ce619553', 'e40a08c7-e832-44bc-8e49-2f37d40458bd', '29ff60bc-8e31-4085-b77a-01fe273d56e0', 'WELD', NULL, 'offen', NULL, NULL, 1, 'Stk', '', NULL, NULL, NULL, NULL) ON CONFLICT (id) DO NOTHING;
INSERT INTO unterpositionen ("id", "positionId", "teilsystemId", "projektId", "name", "nummer", "status", "planStatus", "abteilung", "menge", "einheit", "material", "lieferant", "preis", "lieferfrist", "bemerkung") VALUES ('13041deb-396a-46db-8794-f106dfe1f8f6', '7da30ca9-49ec-41f9-9f9d-97b8519472b3', '6a4632ae-7b10-4510-a1b0-a86e4106d9df', '29ff60bc-8e31-4085-b77a-01fe273d56e0', 'Schallager', NULL, 'offen', NULL, NULL, 1, 'Stk', '', NULL, NULL, NULL, NULL) ON CONFLICT (id) DO NOTHING;
INSERT INTO unterpositionen ("id", "positionId", "teilsystemId", "projektId", "name", "nummer", "status", "planStatus", "abteilung", "menge", "einheit", "material", "lieferant", "preis", "lieferfrist", "bemerkung") VALUES ('13d9ca80-99fe-4b4f-8c6b-95da65af8575', '0cfdb36a-2209-4592-a26d-84a8abfa14b6', 'e40a08c7-e832-44bc-8e49-2f37d40458bd', '29ff60bc-8e31-4085-b77a-01fe273d56e0', 'Bauteil', NULL, 'offen', NULL, NULL, 1, 'Stk', '', NULL, NULL, NULL, NULL) ON CONFLICT (id) DO NOTHING;
INSERT INTO unterpositionen ("id", "positionId", "teilsystemId", "projektId", "name", "nummer", "status", "planStatus", "abteilung", "menge", "einheit", "material", "lieferant", "preis", "lieferfrist", "bemerkung") VALUES ('1608947c-e9e0-436c-8b95-d5b3ba481795', '53ca0c75-7e40-448d-9dcb-a87ae0d8b882', '6a4632ae-7b10-4510-a1b0-a86e4106d9df', '29ff60bc-8e31-4085-b77a-01fe273d56e0', 'Bauteil', NULL, 'offen', NULL, NULL, 1, 'Stk', '', NULL, NULL, NULL, NULL) ON CONFLICT (id) DO NOTHING;
INSERT INTO unterpositionen ("id", "positionId", "teilsystemId", "projektId", "name", "nummer", "status", "planStatus", "abteilung", "menge", "einheit", "material", "lieferant", "preis", "lieferfrist", "bemerkung") VALUES ('1622c242-2693-4173-aa3b-a1597a45ed70', '351c2e81-5ded-4333-800b-5a11a501d79d', NULL, NULL, 'HEA 180 Länge 5325', NULL, 'bestellt', 'fertig', NULL, 2, 'Stk', NULL, NULL, NULL, NULL, '') ON CONFLICT (id) DO NOTHING;
INSERT INTO unterpositionen ("id", "positionId", "teilsystemId", "projektId", "name", "nummer", "status", "planStatus", "abteilung", "menge", "einheit", "material", "lieferant", "preis", "lieferfrist", "bemerkung") VALUES ('1747faf0-9d4a-4822-bf31-f116ffe21b94', 'eeb2279f-fdf4-46c4-a87d-c6afd24c9e1b', 'e40a08c7-e832-44bc-8e49-2f37d40458bd', '29ff60bc-8e31-4085-b77a-01fe273d56e0', 'WELD', NULL, 'offen', NULL, NULL, 1, 'Stk', '', NULL, NULL, NULL, NULL) ON CONFLICT (id) DO NOTHING;
INSERT INTO unterpositionen ("id", "positionId", "teilsystemId", "projektId", "name", "nummer", "status", "planStatus", "abteilung", "menge", "einheit", "material", "lieferant", "preis", "lieferfrist", "bemerkung") VALUES ('17527e0c-ed03-4916-9bf3-1b28fc8b51cd', '91d32ddc-3289-478b-911a-8f9b119db1e4', '6a4632ae-7b10-4510-a1b0-a86e4106d9df', '29ff60bc-8e31-4085-b77a-01fe273d56e0', 'Fensterbauschraube', NULL, 'offen', NULL, NULL, 1, 'Stk', '', NULL, NULL, NULL, NULL) ON CONFLICT (id) DO NOTHING;
INSERT INTO unterpositionen ("id", "positionId", "teilsystemId", "projektId", "name", "nummer", "status", "planStatus", "abteilung", "menge", "einheit", "material", "lieferant", "preis", "lieferfrist", "bemerkung") VALUES ('1797e200-2829-41eb-83d6-ca7ad2d644c0', '0cfdb36a-2209-4592-a26d-84a8abfa14b6', 'e40a08c7-e832-44bc-8e49-2f37d40458bd', '29ff60bc-8e31-4085-b77a-01fe273d56e0', 'WELD', NULL, 'offen', NULL, NULL, 1, 'Stk', '', NULL, NULL, NULL, NULL) ON CONFLICT (id) DO NOTHING;
INSERT INTO unterpositionen ("id", "positionId", "teilsystemId", "projektId", "name", "nummer", "status", "planStatus", "abteilung", "menge", "einheit", "material", "lieferant", "preis", "lieferfrist", "bemerkung") VALUES ('1b20ef00-afd8-4114-bd23-dc307e5367d8', 'caf26297-08d7-44cf-a84a-405221d243a3', 'e40a08c7-e832-44bc-8e49-2f37d40458bd', '29ff60bc-8e31-4085-b77a-01fe273d56e0', 'Bauteil', NULL, 'offen', NULL, NULL, 1, 'Stk', '', NULL, NULL, NULL, NULL) ON CONFLICT (id) DO NOTHING;
INSERT INTO unterpositionen ("id", "positionId", "teilsystemId", "projektId", "name", "nummer", "status", "planStatus", "abteilung", "menge", "einheit", "material", "lieferant", "preis", "lieferfrist", "bemerkung") VALUES ('1bcb9f91-afd1-451a-a15c-ef9d5fbe989f', '53ca0c75-7e40-448d-9dcb-a87ae0d8b882', '6a4632ae-7b10-4510-a1b0-a86e4106d9df', '29ff60bc-8e31-4085-b77a-01fe273d56e0', 'WELD', NULL, 'offen', NULL, NULL, 1, 'Stk', '', NULL, NULL, NULL, NULL) ON CONFLICT (id) DO NOTHING;
INSERT INTO unterpositionen ("id", "positionId", "teilsystemId", "projektId", "name", "nummer", "status", "planStatus", "abteilung", "menge", "einheit", "material", "lieferant", "preis", "lieferfrist", "bemerkung") VALUES ('1d3cc6dd-3881-4c85-94d4-3f8d95d2e0d2', '53ca0c75-7e40-448d-9dcb-a87ae0d8b882', '6a4632ae-7b10-4510-a1b0-a86e4106d9df', '29ff60bc-8e31-4085-b77a-01fe273d56e0', 'WELD', NULL, 'offen', NULL, NULL, 1, 'Stk', '', NULL, NULL, NULL, NULL) ON CONFLICT (id) DO NOTHING;
INSERT INTO unterpositionen ("id", "positionId", "teilsystemId", "projektId", "name", "nummer", "status", "planStatus", "abteilung", "menge", "einheit", "material", "lieferant", "preis", "lieferfrist", "bemerkung") VALUES ('1dfcf8a7-12bb-4819-9616-4d24335f78c2', '53ca0c75-7e40-448d-9dcb-a87ae0d8b882', '6a4632ae-7b10-4510-a1b0-a86e4106d9df', '29ff60bc-8e31-4085-b77a-01fe273d56e0', 'WELD', NULL, 'offen', NULL, NULL, 1, 'Stk', '', NULL, NULL, NULL, NULL) ON CONFLICT (id) DO NOTHING;
INSERT INTO unterpositionen ("id", "positionId", "teilsystemId", "projektId", "name", "nummer", "status", "planStatus", "abteilung", "menge", "einheit", "material", "lieferant", "preis", "lieferfrist", "bemerkung") VALUES ('1ef401d2-c513-4346-bb54-534034c50878', 'caf26297-08d7-44cf-a84a-405221d243a3', 'e40a08c7-e832-44bc-8e49-2f37d40458bd', '29ff60bc-8e31-4085-b77a-01fe273d56e0', 'WELD', NULL, 'offen', NULL, NULL, 1, 'Stk', '', NULL, NULL, NULL, NULL) ON CONFLICT (id) DO NOTHING;
INSERT INTO unterpositionen ("id", "positionId", "teilsystemId", "projektId", "name", "nummer", "status", "planStatus", "abteilung", "menge", "einheit", "material", "lieferant", "preis", "lieferfrist", "bemerkung") VALUES ('20419c0f-2de8-4fd7-a8c2-4f5b0fbd5c09', 'eeb2279f-fdf4-46c4-a87d-c6afd24c9e1b', 'e40a08c7-e832-44bc-8e49-2f37d40458bd', '29ff60bc-8e31-4085-b77a-01fe273d56e0', 'WELD', NULL, 'offen', NULL, NULL, 1, 'Stk', '', NULL, NULL, NULL, NULL) ON CONFLICT (id) DO NOTHING;
INSERT INTO unterpositionen ("id", "positionId", "teilsystemId", "projektId", "name", "nummer", "status", "planStatus", "abteilung", "menge", "einheit", "material", "lieferant", "preis", "lieferfrist", "bemerkung") VALUES ('21d9531c-60e0-4855-a9d3-da204a479fa9', '3e8ca642-3771-4838-932e-8f28128a5f96', 'e40a08c7-e832-44bc-8e49-2f37d40458bd', '29ff60bc-8e31-4085-b77a-01fe273d56e0', 'WELD', NULL, 'offen', NULL, NULL, 1, 'Stk', '', NULL, NULL, NULL, NULL) ON CONFLICT (id) DO NOTHING;
INSERT INTO unterpositionen ("id", "positionId", "teilsystemId", "projektId", "name", "nummer", "status", "planStatus", "abteilung", "menge", "einheit", "material", "lieferant", "preis", "lieferfrist", "bemerkung") VALUES ('226ae61c-a8c6-4ec6-b7ef-7b02171b2b99', '53ca0c75-7e40-448d-9dcb-a87ae0d8b882', '6a4632ae-7b10-4510-a1b0-a86e4106d9df', '29ff60bc-8e31-4085-b77a-01fe273d56e0', 'WELD', NULL, 'offen', NULL, NULL, 1, 'Stk', '', NULL, NULL, NULL, NULL) ON CONFLICT (id) DO NOTHING;
INSERT INTO unterpositionen ("id", "positionId", "teilsystemId", "projektId", "name", "nummer", "status", "planStatus", "abteilung", "menge", "einheit", "material", "lieferant", "preis", "lieferfrist", "bemerkung") VALUES ('23ba9376-41fb-4afa-bade-e2ba036848b7', 'eeb2279f-fdf4-46c4-a87d-c6afd24c9e1b', 'e40a08c7-e832-44bc-8e49-2f37d40458bd', '29ff60bc-8e31-4085-b77a-01fe273d56e0', 'Bauteil', NULL, 'offen', NULL, NULL, 1, 'Stk', '', NULL, NULL, NULL, NULL) ON CONFLICT (id) DO NOTHING;
INSERT INTO unterpositionen ("id", "positionId", "teilsystemId", "projektId", "name", "nummer", "status", "planStatus", "abteilung", "menge", "einheit", "material", "lieferant", "preis", "lieferfrist", "bemerkung") VALUES ('240744be-af95-45ea-9639-15e2993621f3', '3e8ca642-3771-4838-932e-8f28128a5f96', 'e40a08c7-e832-44bc-8e49-2f37d40458bd', '29ff60bc-8e31-4085-b77a-01fe273d56e0', 'WELD', NULL, 'offen', NULL, NULL, 1, 'Stk', '', NULL, NULL, NULL, NULL) ON CONFLICT (id) DO NOTHING;
INSERT INTO unterpositionen ("id", "positionId", "teilsystemId", "projektId", "name", "nummer", "status", "planStatus", "abteilung", "menge", "einheit", "material", "lieferant", "preis", "lieferfrist", "bemerkung") VALUES ('2409b2ce-a937-4c5c-8a2d-2a8c82ecf59b', 'ff00aa18-a1de-49f1-aa2e-8d56a3ee055b', 'e40a08c7-e832-44bc-8e49-2f37d40458bd', '29ff60bc-8e31-4085-b77a-01fe273d56e0', 'WELD', NULL, 'offen', NULL, NULL, 1, 'Stk', '', NULL, NULL, NULL, NULL) ON CONFLICT (id) DO NOTHING;
INSERT INTO unterpositionen ("id", "positionId", "teilsystemId", "projektId", "name", "nummer", "status", "planStatus", "abteilung", "menge", "einheit", "material", "lieferant", "preis", "lieferfrist", "bemerkung") VALUES ('24e855a3-f760-4d06-a997-a80da12479ba', 'c61cac4e-f923-43e8-932f-8d16e41faf76', 'e40a08c7-e832-44bc-8e49-2f37d40458bd', '29ff60bc-8e31-4085-b77a-01fe273d56e0', 'WELD', NULL, 'offen', NULL, NULL, 1, 'Stk', '', NULL, NULL, NULL, NULL) ON CONFLICT (id) DO NOTHING;
INSERT INTO unterpositionen ("id", "positionId", "teilsystemId", "projektId", "name", "nummer", "status", "planStatus", "abteilung", "menge", "einheit", "material", "lieferant", "preis", "lieferfrist", "bemerkung") VALUES ('2631f69f-3f50-4d72-a802-17ed11bcb986', '6aa26cfc-8066-44fe-9fd3-54d8c719e48d', 'e40a08c7-e832-44bc-8e49-2f37d40458bd', '29ff60bc-8e31-4085-b77a-01fe273d56e0', 'Armierung', NULL, 'offen', NULL, NULL, 6, 'Stk', '', NULL, NULL, NULL, NULL) ON CONFLICT (id) DO NOTHING;
INSERT INTO unterpositionen ("id", "positionId", "teilsystemId", "projektId", "name", "nummer", "status", "planStatus", "abteilung", "menge", "einheit", "material", "lieferant", "preis", "lieferfrist", "bemerkung") VALUES ('26b4f458-380d-4a05-98de-0559184e592e', 'f8198872-6a74-4adc-8ee3-d9cfb72cf5c1', 'e40a08c7-e832-44bc-8e49-2f37d40458bd', '29ff60bc-8e31-4085-b77a-01fe273d56e0', 'WELD', NULL, 'offen', NULL, NULL, 1, 'Stk', '', NULL, NULL, NULL, NULL) ON CONFLICT (id) DO NOTHING;
INSERT INTO unterpositionen ("id", "positionId", "teilsystemId", "projektId", "name", "nummer", "status", "planStatus", "abteilung", "menge", "einheit", "material", "lieferant", "preis", "lieferfrist", "bemerkung") VALUES ('26be3c26-4258-4c8c-a136-2cf38ceda4ed', '8e93e1af-7660-418c-87ef-d011d705f3a8', 'e40a08c7-e832-44bc-8e49-2f37d40458bd', '29ff60bc-8e31-4085-b77a-01fe273d56e0', 'WELD', NULL, 'offen', NULL, NULL, 1, 'Stk', '', NULL, NULL, NULL, NULL) ON CONFLICT (id) DO NOTHING;
INSERT INTO unterpositionen ("id", "positionId", "teilsystemId", "projektId", "name", "nummer", "status", "planStatus", "abteilung", "menge", "einheit", "material", "lieferant", "preis", "lieferfrist", "bemerkung") VALUES ('276e817c-ed41-46ac-bf9d-75675bda9460', '53ca0c75-7e40-448d-9dcb-a87ae0d8b882', '6a4632ae-7b10-4510-a1b0-a86e4106d9df', '29ff60bc-8e31-4085-b77a-01fe273d56e0', 'WELD', NULL, 'offen', NULL, NULL, 1, 'Stk', '', NULL, NULL, NULL, NULL) ON CONFLICT (id) DO NOTHING;
INSERT INTO unterpositionen ("id", "positionId", "teilsystemId", "projektId", "name", "nummer", "status", "planStatus", "abteilung", "menge", "einheit", "material", "lieferant", "preis", "lieferfrist", "bemerkung") VALUES ('27f8d4f7-0991-4f45-adc5-c3cdde5e0433', '53ca0c75-7e40-448d-9dcb-a87ae0d8b882', '6a4632ae-7b10-4510-a1b0-a86e4106d9df', '29ff60bc-8e31-4085-b77a-01fe273d56e0', 'WELD', NULL, 'offen', NULL, NULL, 1, 'Stk', '', NULL, NULL, NULL, NULL) ON CONFLICT (id) DO NOTHING;
INSERT INTO unterpositionen ("id", "positionId", "teilsystemId", "projektId", "name", "nummer", "status", "planStatus", "abteilung", "menge", "einheit", "material", "lieferant", "preis", "lieferfrist", "bemerkung") VALUES ('2927dafa-c5e4-4b38-8399-3ca9ec3737c1', '53ca0c75-7e40-448d-9dcb-a87ae0d8b882', '6a4632ae-7b10-4510-a1b0-a86e4106d9df', '29ff60bc-8e31-4085-b77a-01fe273d56e0', 'WELD', NULL, 'offen', NULL, NULL, 1, 'Stk', '', NULL, NULL, NULL, NULL) ON CONFLICT (id) DO NOTHING;
INSERT INTO unterpositionen ("id", "positionId", "teilsystemId", "projektId", "name", "nummer", "status", "planStatus", "abteilung", "menge", "einheit", "material", "lieferant", "preis", "lieferfrist", "bemerkung") VALUES ('2a141f0b-06eb-4b94-a013-aa45042b59a4', '132fd0f3-03ff-4231-a5a4-7af3ce619553', 'e40a08c7-e832-44bc-8e49-2f37d40458bd', '29ff60bc-8e31-4085-b77a-01fe273d56e0', 'WELD', NULL, 'offen', NULL, NULL, 1, 'Stk', '', NULL, NULL, NULL, NULL) ON CONFLICT (id) DO NOTHING;
INSERT INTO unterpositionen ("id", "positionId", "teilsystemId", "projektId", "name", "nummer", "status", "planStatus", "abteilung", "menge", "einheit", "material", "lieferant", "preis", "lieferfrist", "bemerkung") VALUES ('2ab9c436-deac-43c7-8020-a7c9cdeb9b3a', '132fd0f3-03ff-4231-a5a4-7af3ce619553', 'e40a08c7-e832-44bc-8e49-2f37d40458bd', '29ff60bc-8e31-4085-b77a-01fe273d56e0', 'WELD', NULL, 'offen', NULL, NULL, 1, 'Stk', '', NULL, NULL, NULL, NULL) ON CONFLICT (id) DO NOTHING;
INSERT INTO unterpositionen ("id", "positionId", "teilsystemId", "projektId", "name", "nummer", "status", "planStatus", "abteilung", "menge", "einheit", "material", "lieferant", "preis", "lieferfrist", "bemerkung") VALUES ('2be561c3-e2b1-48b0-8f15-2e19e7bd7199', '53ca0c75-7e40-448d-9dcb-a87ae0d8b882', '6a4632ae-7b10-4510-a1b0-a86e4106d9df', '29ff60bc-8e31-4085-b77a-01fe273d56e0', 'WELD', NULL, 'offen', NULL, NULL, 1, 'Stk', '', NULL, NULL, NULL, NULL) ON CONFLICT (id) DO NOTHING;
INSERT INTO unterpositionen ("id", "positionId", "teilsystemId", "projektId", "name", "nummer", "status", "planStatus", "abteilung", "menge", "einheit", "material", "lieferant", "preis", "lieferfrist", "bemerkung") VALUES ('2f07c5d1-9561-4f71-a72b-8ddb89d51765', '9dd190e0-a654-40cf-9211-3a2e6f591871', 'e40a08c7-e832-44bc-8e49-2f37d40458bd', '29ff60bc-8e31-4085-b77a-01fe273d56e0', 'WELD', NULL, 'offen', NULL, NULL, 1, 'Stk', '', NULL, NULL, NULL, NULL) ON CONFLICT (id) DO NOTHING;
INSERT INTO unterpositionen ("id", "positionId", "teilsystemId", "projektId", "name", "nummer", "status", "planStatus", "abteilung", "menge", "einheit", "material", "lieferant", "preis", "lieferfrist", "bemerkung") VALUES ('2fe4db2f-0dbb-4011-ae36-d86495bf17de', 'ff953dae-0fd8-4c3a-8fc8-f552d284a1fc', 'e40a08c7-e832-44bc-8e49-2f37d40458bd', '29ff60bc-8e31-4085-b77a-01fe273d56e0', 'WELD', NULL, 'offen', NULL, NULL, 1, 'Stk', '', NULL, NULL, NULL, NULL) ON CONFLICT (id) DO NOTHING;
INSERT INTO unterpositionen ("id", "positionId", "teilsystemId", "projektId", "name", "nummer", "status", "planStatus", "abteilung", "menge", "einheit", "material", "lieferant", "preis", "lieferfrist", "bemerkung") VALUES ('31738d3b-7ef4-417d-ab7f-60b76d8b318b', '53ca0c75-7e40-448d-9dcb-a87ae0d8b882', '6a4632ae-7b10-4510-a1b0-a86e4106d9df', '29ff60bc-8e31-4085-b77a-01fe273d56e0', 'WELD', NULL, 'offen', NULL, NULL, 1, 'Stk', '', NULL, NULL, NULL, NULL) ON CONFLICT (id) DO NOTHING;
INSERT INTO unterpositionen ("id", "positionId", "teilsystemId", "projektId", "name", "nummer", "status", "planStatus", "abteilung", "menge", "einheit", "material", "lieferant", "preis", "lieferfrist", "bemerkung") VALUES ('338f1bb2-dbf6-41b0-bf75-fb58ebe01989', '53ca0c75-7e40-448d-9dcb-a87ae0d8b882', '6a4632ae-7b10-4510-a1b0-a86e4106d9df', '29ff60bc-8e31-4085-b77a-01fe273d56e0', 'WELD', NULL, 'offen', NULL, NULL, 1, 'Stk', '', NULL, NULL, NULL, NULL) ON CONFLICT (id) DO NOTHING;
INSERT INTO unterpositionen ("id", "positionId", "teilsystemId", "projektId", "name", "nummer", "status", "planStatus", "abteilung", "menge", "einheit", "material", "lieferant", "preis", "lieferfrist", "bemerkung") VALUES ('341a30df-5874-4c22-b8f1-250befa804bf', 'e1e15ffa-346f-4d79-b85e-1bb91a686bdb', '6a4632ae-7b10-4510-a1b0-a86e4106d9df', '29ff60bc-8e31-4085-b77a-01fe273d56e0', 'Schallager', NULL, 'offen', NULL, NULL, 1, 'Stk', '', NULL, NULL, NULL, NULL) ON CONFLICT (id) DO NOTHING;
INSERT INTO unterpositionen ("id", "positionId", "teilsystemId", "projektId", "name", "nummer", "status", "planStatus", "abteilung", "menge", "einheit", "material", "lieferant", "preis", "lieferfrist", "bemerkung") VALUES ('345ccbf1-31be-4f1e-988c-e3abd2dc55b9', 'ce781da1-6374-475f-a632-ba7ad95a9850', '6a4632ae-7b10-4510-a1b0-a86e4106d9df', '29ff60bc-8e31-4085-b77a-01fe273d56e0', 'Schraubanker', NULL, 'offen', NULL, NULL, 1, 'Stk', '', NULL, NULL, NULL, NULL) ON CONFLICT (id) DO NOTHING;
INSERT INTO unterpositionen ("id", "positionId", "teilsystemId", "projektId", "name", "nummer", "status", "planStatus", "abteilung", "menge", "einheit", "material", "lieferant", "preis", "lieferfrist", "bemerkung") VALUES ('3638cebd-088a-4fbc-b0ed-d65892f2c57b', '132fd0f3-03ff-4231-a5a4-7af3ce619553', 'e40a08c7-e832-44bc-8e49-2f37d40458bd', '29ff60bc-8e31-4085-b77a-01fe273d56e0', 'WELD', NULL, 'offen', NULL, NULL, 1, 'Stk', '', NULL, NULL, NULL, NULL) ON CONFLICT (id) DO NOTHING;
INSERT INTO unterpositionen ("id", "positionId", "teilsystemId", "projektId", "name", "nummer", "status", "planStatus", "abteilung", "menge", "einheit", "material", "lieferant", "preis", "lieferfrist", "bemerkung") VALUES ('36a748ae-8180-4ee8-b90b-a0916ec07734', '53ca0c75-7e40-448d-9dcb-a87ae0d8b882', '6a4632ae-7b10-4510-a1b0-a86e4106d9df', '29ff60bc-8e31-4085-b77a-01fe273d56e0', 'WELD', NULL, 'offen', NULL, NULL, 1, 'Stk', '', NULL, NULL, NULL, NULL) ON CONFLICT (id) DO NOTHING;
INSERT INTO unterpositionen ("id", "positionId", "teilsystemId", "projektId", "name", "nummer", "status", "planStatus", "abteilung", "menge", "einheit", "material", "lieferant", "preis", "lieferfrist", "bemerkung") VALUES ('395d253e-0d4b-48c5-8596-d90bcd284852', '132fd0f3-03ff-4231-a5a4-7af3ce619553', 'e40a08c7-e832-44bc-8e49-2f37d40458bd', '29ff60bc-8e31-4085-b77a-01fe273d56e0', 'WELD', NULL, 'offen', NULL, NULL, 1, 'Stk', '', NULL, NULL, NULL, NULL) ON CONFLICT (id) DO NOTHING;
INSERT INTO unterpositionen ("id", "positionId", "teilsystemId", "projektId", "name", "nummer", "status", "planStatus", "abteilung", "menge", "einheit", "material", "lieferant", "preis", "lieferfrist", "bemerkung") VALUES ('39e1461f-c071-4e70-91fa-eb448756011d', 'fbc49730-e58f-4473-aeca-1ffcdea86ac9', '6a4632ae-7b10-4510-a1b0-a86e4106d9df', '29ff60bc-8e31-4085-b77a-01fe273d56e0', 'Fuge', NULL, 'offen', NULL, NULL, 1, 'Stk', '', NULL, NULL, NULL, NULL) ON CONFLICT (id) DO NOTHING;
INSERT INTO unterpositionen ("id", "positionId", "teilsystemId", "projektId", "name", "nummer", "status", "planStatus", "abteilung", "menge", "einheit", "material", "lieferant", "preis", "lieferfrist", "bemerkung") VALUES ('3a81fa0b-90f3-41b2-a3ad-a8efec1ea2b4', '9dd190e0-a654-40cf-9211-3a2e6f591871', 'e40a08c7-e832-44bc-8e49-2f37d40458bd', '29ff60bc-8e31-4085-b77a-01fe273d56e0', 'WELD', NULL, 'offen', NULL, NULL, 1, 'Stk', '', NULL, NULL, NULL, NULL) ON CONFLICT (id) DO NOTHING;
INSERT INTO unterpositionen ("id", "positionId", "teilsystemId", "projektId", "name", "nummer", "status", "planStatus", "abteilung", "menge", "einheit", "material", "lieferant", "preis", "lieferfrist", "bemerkung") VALUES ('3b47ea74-7a2f-4201-971a-b37111b15ae2', '53ca0c75-7e40-448d-9dcb-a87ae0d8b882', '6a4632ae-7b10-4510-a1b0-a86e4106d9df', '29ff60bc-8e31-4085-b77a-01fe273d56e0', 'WELD', NULL, 'offen', NULL, NULL, 1, 'Stk', '', NULL, NULL, NULL, NULL) ON CONFLICT (id) DO NOTHING;
INSERT INTO unterpositionen ("id", "positionId", "teilsystemId", "projektId", "name", "nummer", "status", "planStatus", "abteilung", "menge", "einheit", "material", "lieferant", "preis", "lieferfrist", "bemerkung") VALUES ('3cb4c56d-f884-44cd-8c6f-cfcea792372b', '53ca0c75-7e40-448d-9dcb-a87ae0d8b882', '6a4632ae-7b10-4510-a1b0-a86e4106d9df', '29ff60bc-8e31-4085-b77a-01fe273d56e0', 'WELD', NULL, 'offen', NULL, NULL, 1, 'Stk', '', NULL, NULL, NULL, NULL) ON CONFLICT (id) DO NOTHING;
INSERT INTO unterpositionen ("id", "positionId", "teilsystemId", "projektId", "name", "nummer", "status", "planStatus", "abteilung", "menge", "einheit", "material", "lieferant", "preis", "lieferfrist", "bemerkung") VALUES ('3cbce825-fd86-44b3-91eb-f91299535fb2', '53ca0c75-7e40-448d-9dcb-a87ae0d8b882', '6a4632ae-7b10-4510-a1b0-a86e4106d9df', '29ff60bc-8e31-4085-b77a-01fe273d56e0', 'WELD', NULL, 'offen', NULL, NULL, 1, 'Stk', '', NULL, NULL, NULL, NULL) ON CONFLICT (id) DO NOTHING;
INSERT INTO unterpositionen ("id", "positionId", "teilsystemId", "projektId", "name", "nummer", "status", "planStatus", "abteilung", "menge", "einheit", "material", "lieferant", "preis", "lieferfrist", "bemerkung") VALUES ('3dcb39c9-e3c7-465a-aa4f-550b93e3c2d2', '53ca0c75-7e40-448d-9dcb-a87ae0d8b882', '6a4632ae-7b10-4510-a1b0-a86e4106d9df', '29ff60bc-8e31-4085-b77a-01fe273d56e0', 'WELD', NULL, 'offen', NULL, NULL, 1, 'Stk', '', NULL, NULL, NULL, NULL) ON CONFLICT (id) DO NOTHING;
INSERT INTO unterpositionen ("id", "positionId", "teilsystemId", "projektId", "name", "nummer", "status", "planStatus", "abteilung", "menge", "einheit", "material", "lieferant", "preis", "lieferfrist", "bemerkung") VALUES ('3e30edad-6b15-49ae-b47c-8ab650aa1b27', '132fd0f3-03ff-4231-a5a4-7af3ce619553', 'e40a08c7-e832-44bc-8e49-2f37d40458bd', '29ff60bc-8e31-4085-b77a-01fe273d56e0', 'WELD', NULL, 'offen', NULL, NULL, 1, 'Stk', '', NULL, NULL, NULL, NULL) ON CONFLICT (id) DO NOTHING;
INSERT INTO unterpositionen ("id", "positionId", "teilsystemId", "projektId", "name", "nummer", "status", "planStatus", "abteilung", "menge", "einheit", "material", "lieferant", "preis", "lieferfrist", "bemerkung") VALUES ('3ec09952-af57-4d62-aeaf-3b36645a06e5', '53ca0c75-7e40-448d-9dcb-a87ae0d8b882', '6a4632ae-7b10-4510-a1b0-a86e4106d9df', '29ff60bc-8e31-4085-b77a-01fe273d56e0', 'WELD', NULL, 'offen', NULL, NULL, 1, 'Stk', '', NULL, NULL, NULL, NULL) ON CONFLICT (id) DO NOTHING;
INSERT INTO unterpositionen ("id", "positionId", "teilsystemId", "projektId", "name", "nummer", "status", "planStatus", "abteilung", "menge", "einheit", "material", "lieferant", "preis", "lieferfrist", "bemerkung") VALUES ('3f948b83-9430-4cb4-a2ea-2c767b8a850f', '3e8ca642-3771-4838-932e-8f28128a5f96', 'e40a08c7-e832-44bc-8e49-2f37d40458bd', '29ff60bc-8e31-4085-b77a-01fe273d56e0', 'WELD', NULL, 'offen', NULL, NULL, 1, 'Stk', '', NULL, NULL, NULL, NULL) ON CONFLICT (id) DO NOTHING;
INSERT INTO unterpositionen ("id", "positionId", "teilsystemId", "projektId", "name", "nummer", "status", "planStatus", "abteilung", "menge", "einheit", "material", "lieferant", "preis", "lieferfrist", "bemerkung") VALUES ('3fafc6f5-1925-4aa4-b848-5329d6bc3bb2', '9dd190e0-a654-40cf-9211-3a2e6f591871', 'e40a08c7-e832-44bc-8e49-2f37d40458bd', '29ff60bc-8e31-4085-b77a-01fe273d56e0', 'WELD', NULL, 'offen', NULL, NULL, 1, 'Stk', '', NULL, NULL, NULL, NULL) ON CONFLICT (id) DO NOTHING;
INSERT INTO unterpositionen ("id", "positionId", "teilsystemId", "projektId", "name", "nummer", "status", "planStatus", "abteilung", "menge", "einheit", "material", "lieferant", "preis", "lieferfrist", "bemerkung") VALUES ('43d3999f-d169-48f4-8746-62fa4050f020', '9dd190e0-a654-40cf-9211-3a2e6f591871', 'e40a08c7-e832-44bc-8e49-2f37d40458bd', '29ff60bc-8e31-4085-b77a-01fe273d56e0', 'WELD', NULL, 'offen', NULL, NULL, 1, 'Stk', '', NULL, NULL, NULL, NULL) ON CONFLICT (id) DO NOTHING;
INSERT INTO unterpositionen ("id", "positionId", "teilsystemId", "projektId", "name", "nummer", "status", "planStatus", "abteilung", "menge", "einheit", "material", "lieferant", "preis", "lieferfrist", "bemerkung") VALUES ('43f7c430-7bff-460d-90a5-b8d6dccdd11a', '53ca0c75-7e40-448d-9dcb-a87ae0d8b882', '6a4632ae-7b10-4510-a1b0-a86e4106d9df', '29ff60bc-8e31-4085-b77a-01fe273d56e0', 'Bauteil', NULL, 'offen', NULL, NULL, 1, 'Stk', '', NULL, NULL, NULL, NULL) ON CONFLICT (id) DO NOTHING;
INSERT INTO unterpositionen ("id", "positionId", "teilsystemId", "projektId", "name", "nummer", "status", "planStatus", "abteilung", "menge", "einheit", "material", "lieferant", "preis", "lieferfrist", "bemerkung") VALUES ('45941dd6-6e4c-4ef0-9b5e-6e390cad589e', '53ca0c75-7e40-448d-9dcb-a87ae0d8b882', '6a4632ae-7b10-4510-a1b0-a86e4106d9df', '29ff60bc-8e31-4085-b77a-01fe273d56e0', 'Bauteil', NULL, 'offen', NULL, NULL, 1, 'Stk', '', NULL, NULL, NULL, NULL) ON CONFLICT (id) DO NOTHING;
INSERT INTO unterpositionen ("id", "positionId", "teilsystemId", "projektId", "name", "nummer", "status", "planStatus", "abteilung", "menge", "einheit", "material", "lieferant", "preis", "lieferfrist", "bemerkung") VALUES ('4682c3ad-c8f4-4920-9b53-a7c158db4c9f', '53ca0c75-7e40-448d-9dcb-a87ae0d8b882', '6a4632ae-7b10-4510-a1b0-a86e4106d9df', '29ff60bc-8e31-4085-b77a-01fe273d56e0', 'WELD', NULL, 'offen', NULL, NULL, 1, 'Stk', '', NULL, NULL, NULL, NULL) ON CONFLICT (id) DO NOTHING;
INSERT INTO unterpositionen ("id", "positionId", "teilsystemId", "projektId", "name", "nummer", "status", "planStatus", "abteilung", "menge", "einheit", "material", "lieferant", "preis", "lieferfrist", "bemerkung") VALUES ('46fb20c2-2315-477c-91aa-adafc330bb17', '3e8ca642-3771-4838-932e-8f28128a5f96', 'e40a08c7-e832-44bc-8e49-2f37d40458bd', '29ff60bc-8e31-4085-b77a-01fe273d56e0', 'Bauteil', NULL, 'offen', NULL, NULL, 1, 'Stk', '', NULL, NULL, NULL, NULL) ON CONFLICT (id) DO NOTHING;
INSERT INTO unterpositionen ("id", "positionId", "teilsystemId", "projektId", "name", "nummer", "status", "planStatus", "abteilung", "menge", "einheit", "material", "lieferant", "preis", "lieferfrist", "bemerkung") VALUES ('4839b16b-7932-404d-afb9-3c335fe18704', '53ca0c75-7e40-448d-9dcb-a87ae0d8b882', '6a4632ae-7b10-4510-a1b0-a86e4106d9df', '29ff60bc-8e31-4085-b77a-01fe273d56e0', 'WELD', NULL, 'offen', NULL, NULL, 1, 'Stk', '', NULL, NULL, NULL, NULL) ON CONFLICT (id) DO NOTHING;
INSERT INTO unterpositionen ("id", "positionId", "teilsystemId", "projektId", "name", "nummer", "status", "planStatus", "abteilung", "menge", "einheit", "material", "lieferant", "preis", "lieferfrist", "bemerkung") VALUES ('4a37fa3b-a6ea-4835-9a18-061d70384af0', 'ff953dae-0fd8-4c3a-8fc8-f552d284a1fc', 'e40a08c7-e832-44bc-8e49-2f37d40458bd', '29ff60bc-8e31-4085-b77a-01fe273d56e0', 'Armierung', NULL, 'offen', NULL, NULL, 6, 'Stk', '', NULL, NULL, NULL, NULL) ON CONFLICT (id) DO NOTHING;
INSERT INTO unterpositionen ("id", "positionId", "teilsystemId", "projektId", "name", "nummer", "status", "planStatus", "abteilung", "menge", "einheit", "material", "lieferant", "preis", "lieferfrist", "bemerkung") VALUES ('4a4ab72d-cd0d-4ca2-bc6f-f582918ae032', 'f8198872-6a74-4adc-8ee3-d9cfb72cf5c1', 'e40a08c7-e832-44bc-8e49-2f37d40458bd', '29ff60bc-8e31-4085-b77a-01fe273d56e0', 'WELD', NULL, 'offen', NULL, NULL, 1, 'Stk', '', NULL, NULL, NULL, NULL) ON CONFLICT (id) DO NOTHING;
INSERT INTO unterpositionen ("id", "positionId", "teilsystemId", "projektId", "name", "nummer", "status", "planStatus", "abteilung", "menge", "einheit", "material", "lieferant", "preis", "lieferfrist", "bemerkung") VALUES ('4a50c3fa-557c-477b-a3dc-41d36ff640ff', 'c61cac4e-f923-43e8-932f-8d16e41faf76', 'e40a08c7-e832-44bc-8e49-2f37d40458bd', '29ff60bc-8e31-4085-b77a-01fe273d56e0', 'WELD', NULL, 'offen', NULL, NULL, 1, 'Stk', '', NULL, NULL, NULL, NULL) ON CONFLICT (id) DO NOTHING;
INSERT INTO unterpositionen ("id", "positionId", "teilsystemId", "projektId", "name", "nummer", "status", "planStatus", "abteilung", "menge", "einheit", "material", "lieferant", "preis", "lieferfrist", "bemerkung") VALUES ('4a7f691e-41b1-4dda-a03e-be88e2759978', '9dd190e0-a654-40cf-9211-3a2e6f591871', 'e40a08c7-e832-44bc-8e49-2f37d40458bd', '29ff60bc-8e31-4085-b77a-01fe273d56e0', 'Bauteil', NULL, 'offen', NULL, NULL, 1, 'Stk', '', NULL, NULL, NULL, NULL) ON CONFLICT (id) DO NOTHING;
INSERT INTO unterpositionen ("id", "positionId", "teilsystemId", "projektId", "name", "nummer", "status", "planStatus", "abteilung", "menge", "einheit", "material", "lieferant", "preis", "lieferfrist", "bemerkung") VALUES ('4aba23ec-9cbc-481e-b26a-176202782895', '6aa26cfc-8066-44fe-9fd3-54d8c719e48d', 'e40a08c7-e832-44bc-8e49-2f37d40458bd', '29ff60bc-8e31-4085-b77a-01fe273d56e0', 'WELD', NULL, 'offen', NULL, NULL, 1, 'Stk', '', NULL, NULL, NULL, NULL) ON CONFLICT (id) DO NOTHING;
INSERT INTO unterpositionen ("id", "positionId", "teilsystemId", "projektId", "name", "nummer", "status", "planStatus", "abteilung", "menge", "einheit", "material", "lieferant", "preis", "lieferfrist", "bemerkung") VALUES ('4ad208ec-86eb-4db7-9965-2e62367b2e4b', '9dd190e0-a654-40cf-9211-3a2e6f591871', 'e40a08c7-e832-44bc-8e49-2f37d40458bd', '29ff60bc-8e31-4085-b77a-01fe273d56e0', 'WELD', NULL, 'offen', NULL, NULL, 1, 'Stk', '', NULL, NULL, NULL, NULL) ON CONFLICT (id) DO NOTHING;
INSERT INTO unterpositionen ("id", "positionId", "teilsystemId", "projektId", "name", "nummer", "status", "planStatus", "abteilung", "menge", "einheit", "material", "lieferant", "preis", "lieferfrist", "bemerkung") VALUES ('4b303fdf-b09c-4ae2-b936-26a7be72b239', '53ca0c75-7e40-448d-9dcb-a87ae0d8b882', '6a4632ae-7b10-4510-a1b0-a86e4106d9df', '29ff60bc-8e31-4085-b77a-01fe273d56e0', 'WELD', NULL, 'offen', NULL, NULL, 1, 'Stk', '', NULL, NULL, NULL, NULL) ON CONFLICT (id) DO NOTHING;
INSERT INTO unterpositionen ("id", "positionId", "teilsystemId", "projektId", "name", "nummer", "status", "planStatus", "abteilung", "menge", "einheit", "material", "lieferant", "preis", "lieferfrist", "bemerkung") VALUES ('4b5cbfe4-f99e-4287-9f9e-c31ffeeb99b7', 'f8198872-6a74-4adc-8ee3-d9cfb72cf5c1', 'e40a08c7-e832-44bc-8e49-2f37d40458bd', '29ff60bc-8e31-4085-b77a-01fe273d56e0', 'WELD', NULL, 'offen', NULL, NULL, 1, 'Stk', '', NULL, NULL, NULL, NULL) ON CONFLICT (id) DO NOTHING;
INSERT INTO unterpositionen ("id", "positionId", "teilsystemId", "projektId", "name", "nummer", "status", "planStatus", "abteilung", "menge", "einheit", "material", "lieferant", "preis", "lieferfrist", "bemerkung") VALUES ('4de0cd32-dc79-4061-aef9-d9fa5a9357f3', '53ca0c75-7e40-448d-9dcb-a87ae0d8b882', '6a4632ae-7b10-4510-a1b0-a86e4106d9df', '29ff60bc-8e31-4085-b77a-01fe273d56e0', 'Bauteil', NULL, 'offen', NULL, NULL, 1, 'Stk', '', NULL, NULL, NULL, NULL) ON CONFLICT (id) DO NOTHING;
INSERT INTO unterpositionen ("id", "positionId", "teilsystemId", "projektId", "name", "nummer", "status", "planStatus", "abteilung", "menge", "einheit", "material", "lieferant", "preis", "lieferfrist", "bemerkung") VALUES ('4e104293-70f6-42f4-9202-0cd445247841', 'f8198872-6a74-4adc-8ee3-d9cfb72cf5c1', 'e40a08c7-e832-44bc-8e49-2f37d40458bd', '29ff60bc-8e31-4085-b77a-01fe273d56e0', 'WELD', NULL, 'offen', NULL, NULL, 1, 'Stk', '', NULL, NULL, NULL, NULL) ON CONFLICT (id) DO NOTHING;
INSERT INTO unterpositionen ("id", "positionId", "teilsystemId", "projektId", "name", "nummer", "status", "planStatus", "abteilung", "menge", "einheit", "material", "lieferant", "preis", "lieferfrist", "bemerkung") VALUES ('4eaa69a5-7240-433a-94de-1a2e64f2f801', 'caf26297-08d7-44cf-a84a-405221d243a3', 'e40a08c7-e832-44bc-8e49-2f37d40458bd', '29ff60bc-8e31-4085-b77a-01fe273d56e0', 'WELD', NULL, 'offen', NULL, NULL, 1, 'Stk', '', NULL, NULL, NULL, NULL) ON CONFLICT (id) DO NOTHING;
INSERT INTO unterpositionen ("id", "positionId", "teilsystemId", "projektId", "name", "nummer", "status", "planStatus", "abteilung", "menge", "einheit", "material", "lieferant", "preis", "lieferfrist", "bemerkung") VALUES ('4efe1182-dce5-48a8-9927-12dc1621c820', '4fd917e7-e975-45ca-8145-7e611e7e59f6', 'e40a08c7-e832-44bc-8e49-2f37d40458bd', '29ff60bc-8e31-4085-b77a-01fe273d56e0', 'Bauteil', NULL, 'offen', NULL, NULL, 1, 'Stk', '', NULL, NULL, NULL, NULL) ON CONFLICT (id) DO NOTHING;
INSERT INTO unterpositionen ("id", "positionId", "teilsystemId", "projektId", "name", "nummer", "status", "planStatus", "abteilung", "menge", "einheit", "material", "lieferant", "preis", "lieferfrist", "bemerkung") VALUES ('4f30805d-2eec-4069-910f-938a9d7fc68e', 'c61cac4e-f923-43e8-932f-8d16e41faf76', 'e40a08c7-e832-44bc-8e49-2f37d40458bd', '29ff60bc-8e31-4085-b77a-01fe273d56e0', 'Bauteil', NULL, 'offen', NULL, NULL, 1, 'Stk', '', NULL, NULL, NULL, NULL) ON CONFLICT (id) DO NOTHING;
INSERT INTO unterpositionen ("id", "positionId", "teilsystemId", "projektId", "name", "nummer", "status", "planStatus", "abteilung", "menge", "einheit", "material", "lieferant", "preis", "lieferfrist", "bemerkung") VALUES ('4f62f9d0-b0c5-4482-94cf-340753195f22', 'c61cac4e-f923-43e8-932f-8d16e41faf76', 'e40a08c7-e832-44bc-8e49-2f37d40458bd', '29ff60bc-8e31-4085-b77a-01fe273d56e0', 'WELD', NULL, 'offen', NULL, NULL, 1, 'Stk', '', NULL, NULL, NULL, NULL) ON CONFLICT (id) DO NOTHING;
INSERT INTO unterpositionen ("id", "positionId", "teilsystemId", "projektId", "name", "nummer", "status", "planStatus", "abteilung", "menge", "einheit", "material", "lieferant", "preis", "lieferfrist", "bemerkung") VALUES ('4f867ffa-1855-47ad-928d-487ad4cf03be', '4fd917e7-e975-45ca-8145-7e611e7e59f6', 'e40a08c7-e832-44bc-8e49-2f37d40458bd', '29ff60bc-8e31-4085-b77a-01fe273d56e0', 'WELD', NULL, 'offen', NULL, NULL, 1, 'Stk', '', NULL, NULL, NULL, NULL) ON CONFLICT (id) DO NOTHING;
INSERT INTO unterpositionen ("id", "positionId", "teilsystemId", "projektId", "name", "nummer", "status", "planStatus", "abteilung", "menge", "einheit", "material", "lieferant", "preis", "lieferfrist", "bemerkung") VALUES ('4f92e31a-31d4-4c99-a0c5-4c7f82a9ee3e', 'f8198872-6a74-4adc-8ee3-d9cfb72cf5c1', 'e40a08c7-e832-44bc-8e49-2f37d40458bd', '29ff60bc-8e31-4085-b77a-01fe273d56e0', 'WELD', NULL, 'offen', NULL, NULL, 1, 'Stk', '', NULL, NULL, NULL, NULL) ON CONFLICT (id) DO NOTHING;
INSERT INTO unterpositionen ("id", "positionId", "teilsystemId", "projektId", "name", "nummer", "status", "planStatus", "abteilung", "menge", "einheit", "material", "lieferant", "preis", "lieferfrist", "bemerkung") VALUES ('50217939-d0b9-4de7-a69d-53fdf6b5bb02', 'eeb2279f-fdf4-46c4-a87d-c6afd24c9e1b', 'e40a08c7-e832-44bc-8e49-2f37d40458bd', '29ff60bc-8e31-4085-b77a-01fe273d56e0', 'WELD', NULL, 'offen', NULL, NULL, 1, 'Stk', '', NULL, NULL, NULL, NULL) ON CONFLICT (id) DO NOTHING;
INSERT INTO unterpositionen ("id", "positionId", "teilsystemId", "projektId", "name", "nummer", "status", "planStatus", "abteilung", "menge", "einheit", "material", "lieferant", "preis", "lieferfrist", "bemerkung") VALUES ('50f79d07-9b42-418d-9859-9e88dc0ee1cc', '132fd0f3-03ff-4231-a5a4-7af3ce619553', 'e40a08c7-e832-44bc-8e49-2f37d40458bd', '29ff60bc-8e31-4085-b77a-01fe273d56e0', 'WELD', NULL, 'offen', NULL, NULL, 1, 'Stk', '', NULL, NULL, NULL, NULL) ON CONFLICT (id) DO NOTHING;
INSERT INTO unterpositionen ("id", "positionId", "teilsystemId", "projektId", "name", "nummer", "status", "planStatus", "abteilung", "menge", "einheit", "material", "lieferant", "preis", "lieferfrist", "bemerkung") VALUES ('51a59487-9905-4ec7-a3f1-4e1fd89d0257', '8e93e1af-7660-418c-87ef-d011d705f3a8', 'e40a08c7-e832-44bc-8e49-2f37d40458bd', '29ff60bc-8e31-4085-b77a-01fe273d56e0', 'WELD', NULL, 'offen', NULL, NULL, 1, 'Stk', '', NULL, NULL, NULL, NULL) ON CONFLICT (id) DO NOTHING;
INSERT INTO unterpositionen ("id", "positionId", "teilsystemId", "projektId", "name", "nummer", "status", "planStatus", "abteilung", "menge", "einheit", "material", "lieferant", "preis", "lieferfrist", "bemerkung") VALUES ('51e0f03b-5762-49de-86a4-d638b4608d0b', 'f8198872-6a74-4adc-8ee3-d9cfb72cf5c1', 'e40a08c7-e832-44bc-8e49-2f37d40458bd', '29ff60bc-8e31-4085-b77a-01fe273d56e0', 'WELD', NULL, 'offen', NULL, NULL, 1, 'Stk', '', NULL, NULL, NULL, NULL) ON CONFLICT (id) DO NOTHING;
INSERT INTO unterpositionen ("id", "positionId", "teilsystemId", "projektId", "name", "nummer", "status", "planStatus", "abteilung", "menge", "einheit", "material", "lieferant", "preis", "lieferfrist", "bemerkung") VALUES ('53e57a1f-70bb-44bf-8c80-cdff9b4e6cce', '12b6a9e0-0268-4df8-8a10-093a62e91c3e', '6a4632ae-7b10-4510-a1b0-a86e4106d9df', '29ff60bc-8e31-4085-b77a-01fe273d56e0', 'Fensterbauschraube', NULL, 'offen', NULL, NULL, 1, 'Stk', '', NULL, NULL, NULL, NULL) ON CONFLICT (id) DO NOTHING;
INSERT INTO unterpositionen ("id", "positionId", "teilsystemId", "projektId", "name", "nummer", "status", "planStatus", "abteilung", "menge", "einheit", "material", "lieferant", "preis", "lieferfrist", "bemerkung") VALUES ('5457f45f-d197-46d2-b229-2c26d935edcc', 'f8198872-6a74-4adc-8ee3-d9cfb72cf5c1', 'e40a08c7-e832-44bc-8e49-2f37d40458bd', '29ff60bc-8e31-4085-b77a-01fe273d56e0', 'WELD', NULL, 'offen', NULL, NULL, 1, 'Stk', '', NULL, NULL, NULL, NULL) ON CONFLICT (id) DO NOTHING;
INSERT INTO unterpositionen ("id", "positionId", "teilsystemId", "projektId", "name", "nummer", "status", "planStatus", "abteilung", "menge", "einheit", "material", "lieferant", "preis", "lieferfrist", "bemerkung") VALUES ('55247af5-af7c-444e-bac5-7fc8d809e863', '8e93e1af-7660-418c-87ef-d011d705f3a8', 'e40a08c7-e832-44bc-8e49-2f37d40458bd', '29ff60bc-8e31-4085-b77a-01fe273d56e0', 'WELD', NULL, 'offen', NULL, NULL, 1, 'Stk', '', NULL, NULL, NULL, NULL) ON CONFLICT (id) DO NOTHING;
INSERT INTO unterpositionen ("id", "positionId", "teilsystemId", "projektId", "name", "nummer", "status", "planStatus", "abteilung", "menge", "einheit", "material", "lieferant", "preis", "lieferfrist", "bemerkung") VALUES ('578f73e5-87d4-41b2-b807-d037e1b5fa7e', '132fd0f3-03ff-4231-a5a4-7af3ce619553', 'e40a08c7-e832-44bc-8e49-2f37d40458bd', '29ff60bc-8e31-4085-b77a-01fe273d56e0', 'WELD', NULL, 'offen', NULL, NULL, 1, 'Stk', '', NULL, NULL, NULL, NULL) ON CONFLICT (id) DO NOTHING;
INSERT INTO unterpositionen ("id", "positionId", "teilsystemId", "projektId", "name", "nummer", "status", "planStatus", "abteilung", "menge", "einheit", "material", "lieferant", "preis", "lieferfrist", "bemerkung") VALUES ('588baa2e-6bba-4c8d-81aa-21caefd80a0b', '53ca0c75-7e40-448d-9dcb-a87ae0d8b882', '6a4632ae-7b10-4510-a1b0-a86e4106d9df', '29ff60bc-8e31-4085-b77a-01fe273d56e0', 'WELD', NULL, 'offen', NULL, NULL, 1, 'Stk', '', NULL, NULL, NULL, NULL) ON CONFLICT (id) DO NOTHING;
INSERT INTO unterpositionen ("id", "positionId", "teilsystemId", "projektId", "name", "nummer", "status", "planStatus", "abteilung", "menge", "einheit", "material", "lieferant", "preis", "lieferfrist", "bemerkung") VALUES ('58fd1636-8335-4b9f-80a2-faa738c72d36', 'eeb2279f-fdf4-46c4-a87d-c6afd24c9e1b', 'e40a08c7-e832-44bc-8e49-2f37d40458bd', '29ff60bc-8e31-4085-b77a-01fe273d56e0', 'WELD', NULL, 'offen', NULL, NULL, 1, 'Stk', '', NULL, NULL, NULL, NULL) ON CONFLICT (id) DO NOTHING;
INSERT INTO unterpositionen ("id", "positionId", "teilsystemId", "projektId", "name", "nummer", "status", "planStatus", "abteilung", "menge", "einheit", "material", "lieferant", "preis", "lieferfrist", "bemerkung") VALUES ('5a768dad-651c-4aad-bbb4-4c6c2f4b0700', '0cfdb36a-2209-4592-a26d-84a8abfa14b6', 'e40a08c7-e832-44bc-8e49-2f37d40458bd', '29ff60bc-8e31-4085-b77a-01fe273d56e0', 'WELD', NULL, 'offen', NULL, NULL, 1, 'Stk', '', NULL, NULL, NULL, NULL) ON CONFLICT (id) DO NOTHING;
INSERT INTO unterpositionen ("id", "positionId", "teilsystemId", "projektId", "name", "nummer", "status", "planStatus", "abteilung", "menge", "einheit", "material", "lieferant", "preis", "lieferfrist", "bemerkung") VALUES ('5b4c30e6-73a6-45a1-86c1-26064c15ab5b', 'ff00aa18-a1de-49f1-aa2e-8d56a3ee055b', 'e40a08c7-e832-44bc-8e49-2f37d40458bd', '29ff60bc-8e31-4085-b77a-01fe273d56e0', 'Bauteil', NULL, 'offen', NULL, NULL, 1, 'Stk', '', NULL, NULL, NULL, NULL) ON CONFLICT (id) DO NOTHING;
INSERT INTO unterpositionen ("id", "positionId", "teilsystemId", "projektId", "name", "nummer", "status", "planStatus", "abteilung", "menge", "einheit", "material", "lieferant", "preis", "lieferfrist", "bemerkung") VALUES ('5c6d2dc3-5470-4fb5-a4ae-33db4b5672fc', 'ff953dae-0fd8-4c3a-8fc8-f552d284a1fc', 'e40a08c7-e832-44bc-8e49-2f37d40458bd', '29ff60bc-8e31-4085-b77a-01fe273d56e0', 'Bauteil', NULL, 'offen', NULL, NULL, 1, 'Stk', '', NULL, NULL, NULL, NULL) ON CONFLICT (id) DO NOTHING;
INSERT INTO unterpositionen ("id", "positionId", "teilsystemId", "projektId", "name", "nummer", "status", "planStatus", "abteilung", "menge", "einheit", "material", "lieferant", "preis", "lieferfrist", "bemerkung") VALUES ('5c7b25ea-c3bb-4de3-981f-7ff9f0c278a1', 'eeb2279f-fdf4-46c4-a87d-c6afd24c9e1b', 'e40a08c7-e832-44bc-8e49-2f37d40458bd', '29ff60bc-8e31-4085-b77a-01fe273d56e0', 'WELD', NULL, 'offen', NULL, NULL, 1, 'Stk', '', NULL, NULL, NULL, NULL) ON CONFLICT (id) DO NOTHING;
INSERT INTO unterpositionen ("id", "positionId", "teilsystemId", "projektId", "name", "nummer", "status", "planStatus", "abteilung", "menge", "einheit", "material", "lieferant", "preis", "lieferfrist", "bemerkung") VALUES ('5dc0d2aa-e862-4cb2-9b0a-7cd47522e937', 'ff953dae-0fd8-4c3a-8fc8-f552d284a1fc', 'e40a08c7-e832-44bc-8e49-2f37d40458bd', '29ff60bc-8e31-4085-b77a-01fe273d56e0', 'WELD', NULL, 'offen', NULL, NULL, 1, 'Stk', '', NULL, NULL, NULL, NULL) ON CONFLICT (id) DO NOTHING;
INSERT INTO unterpositionen ("id", "positionId", "teilsystemId", "projektId", "name", "nummer", "status", "planStatus", "abteilung", "menge", "einheit", "material", "lieferant", "preis", "lieferfrist", "bemerkung") VALUES ('5f14e604-c94d-4147-894c-94aff1c96c7c', 'c61cac4e-f923-43e8-932f-8d16e41faf76', 'e40a08c7-e832-44bc-8e49-2f37d40458bd', '29ff60bc-8e31-4085-b77a-01fe273d56e0', 'WELD', NULL, 'offen', NULL, NULL, 1, 'Stk', '', NULL, NULL, NULL, NULL) ON CONFLICT (id) DO NOTHING;
INSERT INTO unterpositionen ("id", "positionId", "teilsystemId", "projektId", "name", "nummer", "status", "planStatus", "abteilung", "menge", "einheit", "material", "lieferant", "preis", "lieferfrist", "bemerkung") VALUES ('60b07847-003b-49c7-8b91-114e72d0d6b9', '82f8c186-8ef2-4954-bb67-9bb4e548a2e9', 'e40a08c7-e832-44bc-8e49-2f37d40458bd', '29ff60bc-8e31-4085-b77a-01fe273d56e0', 'WELD', NULL, 'offen', NULL, NULL, 1, 'Stk', '', NULL, NULL, NULL, NULL) ON CONFLICT (id) DO NOTHING;
INSERT INTO unterpositionen ("id", "positionId", "teilsystemId", "projektId", "name", "nummer", "status", "planStatus", "abteilung", "menge", "einheit", "material", "lieferant", "preis", "lieferfrist", "bemerkung") VALUES ('6259c61a-3aca-4fa4-8183-63943a70973b', 'eeb2279f-fdf4-46c4-a87d-c6afd24c9e1b', 'e40a08c7-e832-44bc-8e49-2f37d40458bd', '29ff60bc-8e31-4085-b77a-01fe273d56e0', 'WELD', NULL, 'offen', NULL, NULL, 1, 'Stk', '', NULL, NULL, NULL, NULL) ON CONFLICT (id) DO NOTHING;
INSERT INTO unterpositionen ("id", "positionId", "teilsystemId", "projektId", "name", "nummer", "status", "planStatus", "abteilung", "menge", "einheit", "material", "lieferant", "preis", "lieferfrist", "bemerkung") VALUES ('62a57769-dfb3-457e-b20b-6bdef3fe29b5', 'caf26297-08d7-44cf-a84a-405221d243a3', 'e40a08c7-e832-44bc-8e49-2f37d40458bd', '29ff60bc-8e31-4085-b77a-01fe273d56e0', 'WELD', NULL, 'offen', NULL, NULL, 1, 'Stk', '', NULL, NULL, NULL, NULL) ON CONFLICT (id) DO NOTHING;
INSERT INTO unterpositionen ("id", "positionId", "teilsystemId", "projektId", "name", "nummer", "status", "planStatus", "abteilung", "menge", "einheit", "material", "lieferant", "preis", "lieferfrist", "bemerkung") VALUES ('62eda9d5-74ee-4042-8cdd-7e4e52cee36e', 'ff953dae-0fd8-4c3a-8fc8-f552d284a1fc', 'e40a08c7-e832-44bc-8e49-2f37d40458bd', '29ff60bc-8e31-4085-b77a-01fe273d56e0', 'WELD', NULL, 'offen', NULL, NULL, 1, 'Stk', '', NULL, NULL, NULL, NULL) ON CONFLICT (id) DO NOTHING;
INSERT INTO unterpositionen ("id", "positionId", "teilsystemId", "projektId", "name", "nummer", "status", "planStatus", "abteilung", "menge", "einheit", "material", "lieferant", "preis", "lieferfrist", "bemerkung") VALUES ('62f632c3-f2b9-4293-bbd6-bab48fa7fb24', '8e93e1af-7660-418c-87ef-d011d705f3a8', 'e40a08c7-e832-44bc-8e49-2f37d40458bd', '29ff60bc-8e31-4085-b77a-01fe273d56e0', 'WELD', NULL, 'offen', NULL, NULL, 1, 'Stk', '', NULL, NULL, NULL, NULL) ON CONFLICT (id) DO NOTHING;
INSERT INTO unterpositionen ("id", "positionId", "teilsystemId", "projektId", "name", "nummer", "status", "planStatus", "abteilung", "menge", "einheit", "material", "lieferant", "preis", "lieferfrist", "bemerkung") VALUES ('632f6ac6-eb1d-4c75-8391-a2fbe9012e04', '3e8ca642-3771-4838-932e-8f28128a5f96', 'e40a08c7-e832-44bc-8e49-2f37d40458bd', '29ff60bc-8e31-4085-b77a-01fe273d56e0', 'WELD', NULL, 'offen', NULL, NULL, 1, 'Stk', '', NULL, NULL, NULL, NULL) ON CONFLICT (id) DO NOTHING;
INSERT INTO unterpositionen ("id", "positionId", "teilsystemId", "projektId", "name", "nummer", "status", "planStatus", "abteilung", "menge", "einheit", "material", "lieferant", "preis", "lieferfrist", "bemerkung") VALUES ('63e21523-5463-49c9-b6a0-921c1956e1ef', '132fd0f3-03ff-4231-a5a4-7af3ce619553', 'e40a08c7-e832-44bc-8e49-2f37d40458bd', '29ff60bc-8e31-4085-b77a-01fe273d56e0', 'WELD', NULL, 'offen', NULL, NULL, 1, 'Stk', '', NULL, NULL, NULL, NULL) ON CONFLICT (id) DO NOTHING;
INSERT INTO unterpositionen ("id", "positionId", "teilsystemId", "projektId", "name", "nummer", "status", "planStatus", "abteilung", "menge", "einheit", "material", "lieferant", "preis", "lieferfrist", "bemerkung") VALUES ('64ea4725-2931-47cb-9f9d-c02f60ab8022', '53ca0c75-7e40-448d-9dcb-a87ae0d8b882', '6a4632ae-7b10-4510-a1b0-a86e4106d9df', '29ff60bc-8e31-4085-b77a-01fe273d56e0', 'Zierleiste', NULL, 'offen', NULL, NULL, 3, 'Stk', '', NULL, NULL, NULL, NULL) ON CONFLICT (id) DO NOTHING;
INSERT INTO unterpositionen ("id", "positionId", "teilsystemId", "projektId", "name", "nummer", "status", "planStatus", "abteilung", "menge", "einheit", "material", "lieferant", "preis", "lieferfrist", "bemerkung") VALUES ('64fdf466-adad-43a6-926b-acc51f47cca4', 'ff953dae-0fd8-4c3a-8fc8-f552d284a1fc', 'e40a08c7-e832-44bc-8e49-2f37d40458bd', '29ff60bc-8e31-4085-b77a-01fe273d56e0', 'WELD', NULL, 'offen', NULL, NULL, 1, 'Stk', '', NULL, NULL, NULL, NULL) ON CONFLICT (id) DO NOTHING;
INSERT INTO unterpositionen ("id", "positionId", "teilsystemId", "projektId", "name", "nummer", "status", "planStatus", "abteilung", "menge", "einheit", "material", "lieferant", "preis", "lieferfrist", "bemerkung") VALUES ('65d728cd-1f27-4c0b-a1f6-00c7f4a808aa', '778966e4-d691-4758-9300-4bc298123f9e', '6a4632ae-7b10-4510-a1b0-a86e4106d9df', '29ff60bc-8e31-4085-b77a-01fe273d56e0', 'Fensterbauschraube', NULL, 'offen', NULL, NULL, 1, 'Stk', '', NULL, NULL, NULL, NULL) ON CONFLICT (id) DO NOTHING;
INSERT INTO unterpositionen ("id", "positionId", "teilsystemId", "projektId", "name", "nummer", "status", "planStatus", "abteilung", "menge", "einheit", "material", "lieferant", "preis", "lieferfrist", "bemerkung") VALUES ('65d92341-1bca-450f-9fb8-818e8c1109ef', '4fd917e7-e975-45ca-8145-7e611e7e59f6', 'e40a08c7-e832-44bc-8e49-2f37d40458bd', '29ff60bc-8e31-4085-b77a-01fe273d56e0', 'WELD', NULL, 'offen', NULL, NULL, 1, 'Stk', '', NULL, NULL, NULL, NULL) ON CONFLICT (id) DO NOTHING;
INSERT INTO unterpositionen ("id", "positionId", "teilsystemId", "projektId", "name", "nummer", "status", "planStatus", "abteilung", "menge", "einheit", "material", "lieferant", "preis", "lieferfrist", "bemerkung") VALUES ('669c742b-bf3c-4795-b927-b0500de4bd4d', '8e93e1af-7660-418c-87ef-d011d705f3a8', 'e40a08c7-e832-44bc-8e49-2f37d40458bd', '29ff60bc-8e31-4085-b77a-01fe273d56e0', 'WELD', NULL, 'offen', NULL, NULL, 1, 'Stk', '', NULL, NULL, NULL, NULL) ON CONFLICT (id) DO NOTHING;
INSERT INTO unterpositionen ("id", "positionId", "teilsystemId", "projektId", "name", "nummer", "status", "planStatus", "abteilung", "menge", "einheit", "material", "lieferant", "preis", "lieferfrist", "bemerkung") VALUES ('67e3d50b-c744-4206-9b53-5991f57fc21d', 'ff00aa18-a1de-49f1-aa2e-8d56a3ee055b', 'e40a08c7-e832-44bc-8e49-2f37d40458bd', '29ff60bc-8e31-4085-b77a-01fe273d56e0', 'WELD', NULL, 'offen', NULL, NULL, 1, 'Stk', '', NULL, NULL, NULL, NULL) ON CONFLICT (id) DO NOTHING;
INSERT INTO unterpositionen ("id", "positionId", "teilsystemId", "projektId", "name", "nummer", "status", "planStatus", "abteilung", "menge", "einheit", "material", "lieferant", "preis", "lieferfrist", "bemerkung") VALUES ('681761cc-c2ed-4f2c-b63e-22bc374241fc', 'ff953dae-0fd8-4c3a-8fc8-f552d284a1fc', 'e40a08c7-e832-44bc-8e49-2f37d40458bd', '29ff60bc-8e31-4085-b77a-01fe273d56e0', 'WELD', NULL, 'offen', NULL, NULL, 1, 'Stk', '', NULL, NULL, NULL, NULL) ON CONFLICT (id) DO NOTHING;
INSERT INTO unterpositionen ("id", "positionId", "teilsystemId", "projektId", "name", "nummer", "status", "planStatus", "abteilung", "menge", "einheit", "material", "lieferant", "preis", "lieferfrist", "bemerkung") VALUES ('696694d9-194c-4283-b162-db89f6a8d4da', '4fd917e7-e975-45ca-8145-7e611e7e59f6', 'e40a08c7-e832-44bc-8e49-2f37d40458bd', '29ff60bc-8e31-4085-b77a-01fe273d56e0', 'WELD', NULL, 'offen', NULL, NULL, 1, 'Stk', '', NULL, NULL, NULL, NULL) ON CONFLICT (id) DO NOTHING;
INSERT INTO unterpositionen ("id", "positionId", "teilsystemId", "projektId", "name", "nummer", "status", "planStatus", "abteilung", "menge", "einheit", "material", "lieferant", "preis", "lieferfrist", "bemerkung") VALUES ('69e53dce-aa35-409b-a6ca-1fb1c8eae25d', '53ca0c75-7e40-448d-9dcb-a87ae0d8b882', '6a4632ae-7b10-4510-a1b0-a86e4106d9df', '29ff60bc-8e31-4085-b77a-01fe273d56e0', 'Bauteil', NULL, 'offen', NULL, NULL, 1, 'Stk', '', NULL, NULL, NULL, NULL) ON CONFLICT (id) DO NOTHING;
INSERT INTO unterpositionen ("id", "positionId", "teilsystemId", "projektId", "name", "nummer", "status", "planStatus", "abteilung", "menge", "einheit", "material", "lieferant", "preis", "lieferfrist", "bemerkung") VALUES ('6b43f5dc-d0cd-4ca3-a187-5fddf2689d81', '351c2e81-5ded-4333-800b-5a11a501d79d', NULL, NULL, 'HEA 160  l=9055', NULL, 'bestellt', 'fertig', NULL, 2, 'Stk', NULL, NULL, NULL, NULL, '') ON CONFLICT (id) DO NOTHING;
INSERT INTO unterpositionen ("id", "positionId", "teilsystemId", "projektId", "name", "nummer", "status", "planStatus", "abteilung", "menge", "einheit", "material", "lieferant", "preis", "lieferfrist", "bemerkung") VALUES ('6da96d7d-fdce-450b-8749-934ca958c9af', '53ca0c75-7e40-448d-9dcb-a87ae0d8b882', '6a4632ae-7b10-4510-a1b0-a86e4106d9df', '29ff60bc-8e31-4085-b77a-01fe273d56e0', 'WELD', NULL, 'offen', NULL, NULL, 1, 'Stk', '', NULL, NULL, NULL, NULL) ON CONFLICT (id) DO NOTHING;
INSERT INTO unterpositionen ("id", "positionId", "teilsystemId", "projektId", "name", "nummer", "status", "planStatus", "abteilung", "menge", "einheit", "material", "lieferant", "preis", "lieferfrist", "bemerkung") VALUES ('6e3bcce3-bd9e-44e1-8577-76d7a06b10b1', '82f8c186-8ef2-4954-bb67-9bb4e548a2e9', 'e40a08c7-e832-44bc-8e49-2f37d40458bd', '29ff60bc-8e31-4085-b77a-01fe273d56e0', 'WELD', NULL, 'offen', NULL, NULL, 1, 'Stk', '', NULL, NULL, NULL, NULL) ON CONFLICT (id) DO NOTHING;
INSERT INTO unterpositionen ("id", "positionId", "teilsystemId", "projektId", "name", "nummer", "status", "planStatus", "abteilung", "menge", "einheit", "material", "lieferant", "preis", "lieferfrist", "bemerkung") VALUES ('6e4e4e36-3d5c-4def-a003-5784a68d0403', '132fd0f3-03ff-4231-a5a4-7af3ce619553', 'e40a08c7-e832-44bc-8e49-2f37d40458bd', '29ff60bc-8e31-4085-b77a-01fe273d56e0', 'WELD', NULL, 'offen', NULL, NULL, 1, 'Stk', '', NULL, NULL, NULL, NULL) ON CONFLICT (id) DO NOTHING;
INSERT INTO unterpositionen ("id", "positionId", "teilsystemId", "projektId", "name", "nummer", "status", "planStatus", "abteilung", "menge", "einheit", "material", "lieferant", "preis", "lieferfrist", "bemerkung") VALUES ('6ec18b8e-5184-4373-83e8-bac4f8d92a74', '132fd0f3-03ff-4231-a5a4-7af3ce619553', 'e40a08c7-e832-44bc-8e49-2f37d40458bd', '29ff60bc-8e31-4085-b77a-01fe273d56e0', 'Bauteil', NULL, 'offen', NULL, NULL, 1, 'Stk', '', NULL, NULL, NULL, NULL) ON CONFLICT (id) DO NOTHING;
INSERT INTO unterpositionen ("id", "positionId", "teilsystemId", "projektId", "name", "nummer", "status", "planStatus", "abteilung", "menge", "einheit", "material", "lieferant", "preis", "lieferfrist", "bemerkung") VALUES ('6fa7ea98-4a7e-46d1-af5f-a35dfd45e896', '82f8c186-8ef2-4954-bb67-9bb4e548a2e9', 'e40a08c7-e832-44bc-8e49-2f37d40458bd', '29ff60bc-8e31-4085-b77a-01fe273d56e0', 'WELD', NULL, 'offen', NULL, NULL, 1, 'Stk', '', NULL, NULL, NULL, NULL) ON CONFLICT (id) DO NOTHING;
INSERT INTO unterpositionen ("id", "positionId", "teilsystemId", "projektId", "name", "nummer", "status", "planStatus", "abteilung", "menge", "einheit", "material", "lieferant", "preis", "lieferfrist", "bemerkung") VALUES ('705ee5a1-5c01-424d-9b02-dd879100576d', '82f8c186-8ef2-4954-bb67-9bb4e548a2e9', 'e40a08c7-e832-44bc-8e49-2f37d40458bd', '29ff60bc-8e31-4085-b77a-01fe273d56e0', 'WELD', NULL, 'offen', NULL, NULL, 1, 'Stk', '', NULL, NULL, NULL, NULL) ON CONFLICT (id) DO NOTHING;
INSERT INTO unterpositionen ("id", "positionId", "teilsystemId", "projektId", "name", "nummer", "status", "planStatus", "abteilung", "menge", "einheit", "material", "lieferant", "preis", "lieferfrist", "bemerkung") VALUES ('718d84cc-a6e5-45e0-aa1d-e1a70848a5b3', '132fd0f3-03ff-4231-a5a4-7af3ce619553', 'e40a08c7-e832-44bc-8e49-2f37d40458bd', '29ff60bc-8e31-4085-b77a-01fe273d56e0', 'WELD', NULL, 'offen', NULL, NULL, 1, 'Stk', '', NULL, NULL, NULL, NULL) ON CONFLICT (id) DO NOTHING;
INSERT INTO unterpositionen ("id", "positionId", "teilsystemId", "projektId", "name", "nummer", "status", "planStatus", "abteilung", "menge", "einheit", "material", "lieferant", "preis", "lieferfrist", "bemerkung") VALUES ('71a13a08-bb97-4773-8696-bc7da4be2ad3', '3e8ca642-3771-4838-932e-8f28128a5f96', 'e40a08c7-e832-44bc-8e49-2f37d40458bd', '29ff60bc-8e31-4085-b77a-01fe273d56e0', 'WELD', NULL, 'offen', NULL, NULL, 1, 'Stk', '', NULL, NULL, NULL, NULL) ON CONFLICT (id) DO NOTHING;
INSERT INTO unterpositionen ("id", "positionId", "teilsystemId", "projektId", "name", "nummer", "status", "planStatus", "abteilung", "menge", "einheit", "material", "lieferant", "preis", "lieferfrist", "bemerkung") VALUES ('71a71c3b-8c37-4747-8cc9-4cea0a799d29', 'eeb2279f-fdf4-46c4-a87d-c6afd24c9e1b', 'e40a08c7-e832-44bc-8e49-2f37d40458bd', '29ff60bc-8e31-4085-b77a-01fe273d56e0', 'WELD', NULL, 'offen', NULL, NULL, 1, 'Stk', '', NULL, NULL, NULL, NULL) ON CONFLICT (id) DO NOTHING;
INSERT INTO unterpositionen ("id", "positionId", "teilsystemId", "projektId", "name", "nummer", "status", "planStatus", "abteilung", "menge", "einheit", "material", "lieferant", "preis", "lieferfrist", "bemerkung") VALUES ('71e4b541-ec90-4a6c-9e75-2d233ea98445', '53ca0c75-7e40-448d-9dcb-a87ae0d8b882', '6a4632ae-7b10-4510-a1b0-a86e4106d9df', '29ff60bc-8e31-4085-b77a-01fe273d56e0', 'WELD', NULL, 'offen', NULL, NULL, 1, 'Stk', '', NULL, NULL, NULL, NULL) ON CONFLICT (id) DO NOTHING;
INSERT INTO unterpositionen ("id", "positionId", "teilsystemId", "projektId", "name", "nummer", "status", "planStatus", "abteilung", "menge", "einheit", "material", "lieferant", "preis", "lieferfrist", "bemerkung") VALUES ('72f8f8a6-46b9-4c27-ae73-f393904eb698', '53ca0c75-7e40-448d-9dcb-a87ae0d8b882', '6a4632ae-7b10-4510-a1b0-a86e4106d9df', '29ff60bc-8e31-4085-b77a-01fe273d56e0', 'WELD', NULL, 'offen', NULL, NULL, 1, 'Stk', '', NULL, NULL, NULL, NULL) ON CONFLICT (id) DO NOTHING;
INSERT INTO unterpositionen ("id", "positionId", "teilsystemId", "projektId", "name", "nummer", "status", "planStatus", "abteilung", "menge", "einheit", "material", "lieferant", "preis", "lieferfrist", "bemerkung") VALUES ('734b1693-de43-46c2-a0d8-bed5721f7f22', '82f8c186-8ef2-4954-bb67-9bb4e548a2e9', 'e40a08c7-e832-44bc-8e49-2f37d40458bd', '29ff60bc-8e31-4085-b77a-01fe273d56e0', 'WELD', NULL, 'offen', NULL, NULL, 1, 'Stk', '', NULL, NULL, NULL, NULL) ON CONFLICT (id) DO NOTHING;
INSERT INTO unterpositionen ("id", "positionId", "teilsystemId", "projektId", "name", "nummer", "status", "planStatus", "abteilung", "menge", "einheit", "material", "lieferant", "preis", "lieferfrist", "bemerkung") VALUES ('74bb5cc4-a070-4b04-afce-fdf67325cf01', '4fd917e7-e975-45ca-8145-7e611e7e59f6', 'e40a08c7-e832-44bc-8e49-2f37d40458bd', '29ff60bc-8e31-4085-b77a-01fe273d56e0', 'WELD', NULL, 'offen', NULL, NULL, 1, 'Stk', '', NULL, NULL, NULL, NULL) ON CONFLICT (id) DO NOTHING;
INSERT INTO unterpositionen ("id", "positionId", "teilsystemId", "projektId", "name", "nummer", "status", "planStatus", "abteilung", "menge", "einheit", "material", "lieferant", "preis", "lieferfrist", "bemerkung") VALUES ('75b8b5a7-4e54-4116-b629-96c47e39ec6d', '0cfdb36a-2209-4592-a26d-84a8abfa14b6', 'e40a08c7-e832-44bc-8e49-2f37d40458bd', '29ff60bc-8e31-4085-b77a-01fe273d56e0', 'WELD', NULL, 'offen', NULL, NULL, 1, 'Stk', '', NULL, NULL, NULL, NULL) ON CONFLICT (id) DO NOTHING;
INSERT INTO unterpositionen ("id", "positionId", "teilsystemId", "projektId", "name", "nummer", "status", "planStatus", "abteilung", "menge", "einheit", "material", "lieferant", "preis", "lieferfrist", "bemerkung") VALUES ('75c0d790-40b9-457c-a8a1-0d85854623d5', 'ff953dae-0fd8-4c3a-8fc8-f552d284a1fc', 'e40a08c7-e832-44bc-8e49-2f37d40458bd', '29ff60bc-8e31-4085-b77a-01fe273d56e0', 'Bauteil', NULL, 'offen', NULL, NULL, 1, 'Stk', '', NULL, NULL, NULL, NULL) ON CONFLICT (id) DO NOTHING;
INSERT INTO unterpositionen ("id", "positionId", "teilsystemId", "projektId", "name", "nummer", "status", "planStatus", "abteilung", "menge", "einheit", "material", "lieferant", "preis", "lieferfrist", "bemerkung") VALUES ('7684b922-5eff-4908-a3ad-b7b38b37f2d1', 'ff00aa18-a1de-49f1-aa2e-8d56a3ee055b', 'e40a08c7-e832-44bc-8e49-2f37d40458bd', '29ff60bc-8e31-4085-b77a-01fe273d56e0', 'WELD', NULL, 'offen', NULL, NULL, 1, 'Stk', '', NULL, NULL, NULL, NULL) ON CONFLICT (id) DO NOTHING;
INSERT INTO unterpositionen ("id", "positionId", "teilsystemId", "projektId", "name", "nummer", "status", "planStatus", "abteilung", "menge", "einheit", "material", "lieferant", "preis", "lieferfrist", "bemerkung") VALUES ('76b045d1-d316-46e8-80fb-bdb15e65535c', '6aa26cfc-8066-44fe-9fd3-54d8c719e48d', 'e40a08c7-e832-44bc-8e49-2f37d40458bd', '29ff60bc-8e31-4085-b77a-01fe273d56e0', 'WELD', NULL, 'offen', NULL, NULL, 1, 'Stk', '', NULL, NULL, NULL, NULL) ON CONFLICT (id) DO NOTHING;
INSERT INTO unterpositionen ("id", "positionId", "teilsystemId", "projektId", "name", "nummer", "status", "planStatus", "abteilung", "menge", "einheit", "material", "lieferant", "preis", "lieferfrist", "bemerkung") VALUES ('76c70d3c-742b-4567-a668-2b51cab33e9f', '0cfdb36a-2209-4592-a26d-84a8abfa14b6', 'e40a08c7-e832-44bc-8e49-2f37d40458bd', '29ff60bc-8e31-4085-b77a-01fe273d56e0', 'Bauteil', NULL, 'offen', NULL, NULL, 1, 'Stk', '', NULL, NULL, NULL, NULL) ON CONFLICT (id) DO NOTHING;
INSERT INTO unterpositionen ("id", "positionId", "teilsystemId", "projektId", "name", "nummer", "status", "planStatus", "abteilung", "menge", "einheit", "material", "lieferant", "preis", "lieferfrist", "bemerkung") VALUES ('76c73e4a-2a6e-47cd-af43-df19ed3e0256', '8e93e1af-7660-418c-87ef-d011d705f3a8', 'e40a08c7-e832-44bc-8e49-2f37d40458bd', '29ff60bc-8e31-4085-b77a-01fe273d56e0', 'WELD', NULL, 'offen', NULL, NULL, 1, 'Stk', '', NULL, NULL, NULL, NULL) ON CONFLICT (id) DO NOTHING;
INSERT INTO unterpositionen ("id", "positionId", "teilsystemId", "projektId", "name", "nummer", "status", "planStatus", "abteilung", "menge", "einheit", "material", "lieferant", "preis", "lieferfrist", "bemerkung") VALUES ('795f0548-4ced-4a7d-9990-6d1e2874b8f1', '4fd917e7-e975-45ca-8145-7e611e7e59f6', 'e40a08c7-e832-44bc-8e49-2f37d40458bd', '29ff60bc-8e31-4085-b77a-01fe273d56e0', 'WELD', NULL, 'offen', NULL, NULL, 1, 'Stk', '', NULL, NULL, NULL, NULL) ON CONFLICT (id) DO NOTHING;
INSERT INTO unterpositionen ("id", "positionId", "teilsystemId", "projektId", "name", "nummer", "status", "planStatus", "abteilung", "menge", "einheit", "material", "lieferant", "preis", "lieferfrist", "bemerkung") VALUES ('7d1cd757-f9f5-442a-ba48-3b8015b18fa5', '53ca0c75-7e40-448d-9dcb-a87ae0d8b882', '6a4632ae-7b10-4510-a1b0-a86e4106d9df', '29ff60bc-8e31-4085-b77a-01fe273d56e0', 'Bauteil', NULL, 'offen', NULL, NULL, 1, 'Stk', '', NULL, NULL, NULL, NULL) ON CONFLICT (id) DO NOTHING;
INSERT INTO unterpositionen ("id", "positionId", "teilsystemId", "projektId", "name", "nummer", "status", "planStatus", "abteilung", "menge", "einheit", "material", "lieferant", "preis", "lieferfrist", "bemerkung") VALUES ('7dd51093-706f-4705-b502-047bd8c9115c', '9dd190e0-a654-40cf-9211-3a2e6f591871', 'e40a08c7-e832-44bc-8e49-2f37d40458bd', '29ff60bc-8e31-4085-b77a-01fe273d56e0', 'WELD', NULL, 'offen', NULL, NULL, 1, 'Stk', '', NULL, NULL, NULL, NULL) ON CONFLICT (id) DO NOTHING;
INSERT INTO unterpositionen ("id", "positionId", "teilsystemId", "projektId", "name", "nummer", "status", "planStatus", "abteilung", "menge", "einheit", "material", "lieferant", "preis", "lieferfrist", "bemerkung") VALUES ('7e71c09e-3456-4706-9ce1-8179e8247cc5', '82f8c186-8ef2-4954-bb67-9bb4e548a2e9', 'e40a08c7-e832-44bc-8e49-2f37d40458bd', '29ff60bc-8e31-4085-b77a-01fe273d56e0', 'WELD', NULL, 'offen', NULL, NULL, 1, 'Stk', '', NULL, NULL, NULL, NULL) ON CONFLICT (id) DO NOTHING;
INSERT INTO unterpositionen ("id", "positionId", "teilsystemId", "projektId", "name", "nummer", "status", "planStatus", "abteilung", "menge", "einheit", "material", "lieferant", "preis", "lieferfrist", "bemerkung") VALUES ('7eaf7732-d221-4aaa-b3dd-b003497d55c6', '3e8ca642-3771-4838-932e-8f28128a5f96', 'e40a08c7-e832-44bc-8e49-2f37d40458bd', '29ff60bc-8e31-4085-b77a-01fe273d56e0', 'WELD', NULL, 'offen', NULL, NULL, 1, 'Stk', '', NULL, NULL, NULL, NULL) ON CONFLICT (id) DO NOTHING;
INSERT INTO unterpositionen ("id", "positionId", "teilsystemId", "projektId", "name", "nummer", "status", "planStatus", "abteilung", "menge", "einheit", "material", "lieferant", "preis", "lieferfrist", "bemerkung") VALUES ('7fd448bc-9cfa-47c4-b422-ceea5c105e6f', 'caf26297-08d7-44cf-a84a-405221d243a3', 'e40a08c7-e832-44bc-8e49-2f37d40458bd', '29ff60bc-8e31-4085-b77a-01fe273d56e0', 'Armierung', NULL, 'offen', NULL, NULL, 6, 'Stk', '', NULL, NULL, NULL, NULL) ON CONFLICT (id) DO NOTHING;
INSERT INTO unterpositionen ("id", "positionId", "teilsystemId", "projektId", "name", "nummer", "status", "planStatus", "abteilung", "menge", "einheit", "material", "lieferant", "preis", "lieferfrist", "bemerkung") VALUES ('8107e502-61c9-4d8b-9591-da940b5178a2', '8e93e1af-7660-418c-87ef-d011d705f3a8', 'e40a08c7-e832-44bc-8e49-2f37d40458bd', '29ff60bc-8e31-4085-b77a-01fe273d56e0', 'WELD', NULL, 'offen', NULL, NULL, 1, 'Stk', '', NULL, NULL, NULL, NULL) ON CONFLICT (id) DO NOTHING;
INSERT INTO unterpositionen ("id", "positionId", "teilsystemId", "projektId", "name", "nummer", "status", "planStatus", "abteilung", "menge", "einheit", "material", "lieferant", "preis", "lieferfrist", "bemerkung") VALUES ('81585a6e-6199-4d95-8b5b-23179127d0c0', '3e8ca642-3771-4838-932e-8f28128a5f96', 'e40a08c7-e832-44bc-8e49-2f37d40458bd', '29ff60bc-8e31-4085-b77a-01fe273d56e0', 'WELD', NULL, 'offen', NULL, NULL, 1, 'Stk', '', NULL, NULL, NULL, NULL) ON CONFLICT (id) DO NOTHING;
INSERT INTO unterpositionen ("id", "positionId", "teilsystemId", "projektId", "name", "nummer", "status", "planStatus", "abteilung", "menge", "einheit", "material", "lieferant", "preis", "lieferfrist", "bemerkung") VALUES ('8498d82b-50c1-4b8d-9203-0ca2295b7773', '53ca0c75-7e40-448d-9dcb-a87ae0d8b882', '6a4632ae-7b10-4510-a1b0-a86e4106d9df', '29ff60bc-8e31-4085-b77a-01fe273d56e0', 'WELD', NULL, 'offen', NULL, NULL, 1, 'Stk', '', NULL, NULL, NULL, NULL) ON CONFLICT (id) DO NOTHING;
INSERT INTO unterpositionen ("id", "positionId", "teilsystemId", "projektId", "name", "nummer", "status", "planStatus", "abteilung", "menge", "einheit", "material", "lieferant", "preis", "lieferfrist", "bemerkung") VALUES ('849ba607-ef5b-45fb-8c28-b83089d94f28', '132fd0f3-03ff-4231-a5a4-7af3ce619553', 'e40a08c7-e832-44bc-8e49-2f37d40458bd', '29ff60bc-8e31-4085-b77a-01fe273d56e0', 'WELD', NULL, 'offen', NULL, NULL, 1, 'Stk', '', NULL, NULL, NULL, NULL) ON CONFLICT (id) DO NOTHING;
INSERT INTO unterpositionen ("id", "positionId", "teilsystemId", "projektId", "name", "nummer", "status", "planStatus", "abteilung", "menge", "einheit", "material", "lieferant", "preis", "lieferfrist", "bemerkung") VALUES ('8601e363-572b-4784-84d2-b11ff88035c1', 'ff00aa18-a1de-49f1-aa2e-8d56a3ee055b', 'e40a08c7-e832-44bc-8e49-2f37d40458bd', '29ff60bc-8e31-4085-b77a-01fe273d56e0', 'WELD', NULL, 'offen', NULL, NULL, 1, 'Stk', '', NULL, NULL, NULL, NULL) ON CONFLICT (id) DO NOTHING;
INSERT INTO unterpositionen ("id", "positionId", "teilsystemId", "projektId", "name", "nummer", "status", "planStatus", "abteilung", "menge", "einheit", "material", "lieferant", "preis", "lieferfrist", "bemerkung") VALUES ('874b20ac-f493-4597-a242-81e9752b8bd7', '53ca0c75-7e40-448d-9dcb-a87ae0d8b882', '6a4632ae-7b10-4510-a1b0-a86e4106d9df', '29ff60bc-8e31-4085-b77a-01fe273d56e0', 'Bauteil', NULL, 'offen', NULL, NULL, 1, 'Stk', '', NULL, NULL, NULL, NULL) ON CONFLICT (id) DO NOTHING;
INSERT INTO unterpositionen ("id", "positionId", "teilsystemId", "projektId", "name", "nummer", "status", "planStatus", "abteilung", "menge", "einheit", "material", "lieferant", "preis", "lieferfrist", "bemerkung") VALUES ('87e401b6-c42f-48ff-a115-13e832e570ab', 'f8198872-6a74-4adc-8ee3-d9cfb72cf5c1', 'e40a08c7-e832-44bc-8e49-2f37d40458bd', '29ff60bc-8e31-4085-b77a-01fe273d56e0', 'Bauteil', NULL, 'offen', NULL, NULL, 1, 'Stk', '', NULL, NULL, NULL, NULL) ON CONFLICT (id) DO NOTHING;
INSERT INTO unterpositionen ("id", "positionId", "teilsystemId", "projektId", "name", "nummer", "status", "planStatus", "abteilung", "menge", "einheit", "material", "lieferant", "preis", "lieferfrist", "bemerkung") VALUES ('8ad3b2c7-bd24-4f1a-9902-aee6ae8619c4', '8e93e1af-7660-418c-87ef-d011d705f3a8', 'e40a08c7-e832-44bc-8e49-2f37d40458bd', '29ff60bc-8e31-4085-b77a-01fe273d56e0', 'WELD', NULL, 'offen', NULL, NULL, 1, 'Stk', '', NULL, NULL, NULL, NULL) ON CONFLICT (id) DO NOTHING;
INSERT INTO unterpositionen ("id", "positionId", "teilsystemId", "projektId", "name", "nummer", "status", "planStatus", "abteilung", "menge", "einheit", "material", "lieferant", "preis", "lieferfrist", "bemerkung") VALUES ('8ae33ad1-d3ba-4be5-837f-812d88213d2d', '53ca0c75-7e40-448d-9dcb-a87ae0d8b882', '6a4632ae-7b10-4510-a1b0-a86e4106d9df', '29ff60bc-8e31-4085-b77a-01fe273d56e0', 'WELD', NULL, 'offen', NULL, NULL, 1, 'Stk', '', NULL, NULL, NULL, NULL) ON CONFLICT (id) DO NOTHING;
INSERT INTO unterpositionen ("id", "positionId", "teilsystemId", "projektId", "name", "nummer", "status", "planStatus", "abteilung", "menge", "einheit", "material", "lieferant", "preis", "lieferfrist", "bemerkung") VALUES ('8aed3a98-4427-4d6a-9152-a080b2507867', '8e93e1af-7660-418c-87ef-d011d705f3a8', 'e40a08c7-e832-44bc-8e49-2f37d40458bd', '29ff60bc-8e31-4085-b77a-01fe273d56e0', 'WELD', NULL, 'offen', NULL, NULL, 1, 'Stk', '', NULL, NULL, NULL, NULL) ON CONFLICT (id) DO NOTHING;
INSERT INTO unterpositionen ("id", "positionId", "teilsystemId", "projektId", "name", "nummer", "status", "planStatus", "abteilung", "menge", "einheit", "material", "lieferant", "preis", "lieferfrist", "bemerkung") VALUES ('8b8c21ff-cb37-4c93-96ee-31c04aae57bd', '3e8ca642-3771-4838-932e-8f28128a5f96', 'e40a08c7-e832-44bc-8e49-2f37d40458bd', '29ff60bc-8e31-4085-b77a-01fe273d56e0', 'WELD', NULL, 'offen', NULL, NULL, 1, 'Stk', '', NULL, NULL, NULL, NULL) ON CONFLICT (id) DO NOTHING;
INSERT INTO unterpositionen ("id", "positionId", "teilsystemId", "projektId", "name", "nummer", "status", "planStatus", "abteilung", "menge", "einheit", "material", "lieferant", "preis", "lieferfrist", "bemerkung") VALUES ('8c2d0b02-59d3-49b5-a6b9-1da6153998f3', '4fd917e7-e975-45ca-8145-7e611e7e59f6', 'e40a08c7-e832-44bc-8e49-2f37d40458bd', '29ff60bc-8e31-4085-b77a-01fe273d56e0', 'Abkantblech', NULL, 'offen', NULL, NULL, 6, 'Stk', '', NULL, NULL, NULL, NULL) ON CONFLICT (id) DO NOTHING;
INSERT INTO unterpositionen ("id", "positionId", "teilsystemId", "projektId", "name", "nummer", "status", "planStatus", "abteilung", "menge", "einheit", "material", "lieferant", "preis", "lieferfrist", "bemerkung") VALUES ('8c4ca862-3061-42b0-a72f-05d620f44d86', 'ff00aa18-a1de-49f1-aa2e-8d56a3ee055b', 'e40a08c7-e832-44bc-8e49-2f37d40458bd', '29ff60bc-8e31-4085-b77a-01fe273d56e0', 'WELD', NULL, 'offen', NULL, NULL, 1, 'Stk', '', NULL, NULL, NULL, NULL) ON CONFLICT (id) DO NOTHING;
INSERT INTO unterpositionen ("id", "positionId", "teilsystemId", "projektId", "name", "nummer", "status", "planStatus", "abteilung", "menge", "einheit", "material", "lieferant", "preis", "lieferfrist", "bemerkung") VALUES ('8d857047-0546-4982-b6a4-52f5eb8eca2c', 'c61cac4e-f923-43e8-932f-8d16e41faf76', 'e40a08c7-e832-44bc-8e49-2f37d40458bd', '29ff60bc-8e31-4085-b77a-01fe273d56e0', 'WELD', NULL, 'offen', NULL, NULL, 1, 'Stk', '', NULL, NULL, NULL, NULL) ON CONFLICT (id) DO NOTHING;
INSERT INTO unterpositionen ("id", "positionId", "teilsystemId", "projektId", "name", "nummer", "status", "planStatus", "abteilung", "menge", "einheit", "material", "lieferant", "preis", "lieferfrist", "bemerkung") VALUES ('8fb35ecb-024b-4752-badc-cc906959cc41', '53ca0c75-7e40-448d-9dcb-a87ae0d8b882', '6a4632ae-7b10-4510-a1b0-a86e4106d9df', '29ff60bc-8e31-4085-b77a-01fe273d56e0', 'WELD', NULL, 'offen', NULL, NULL, 1, 'Stk', '', NULL, NULL, NULL, NULL) ON CONFLICT (id) DO NOTHING;
INSERT INTO unterpositionen ("id", "positionId", "teilsystemId", "projektId", "name", "nummer", "status", "planStatus", "abteilung", "menge", "einheit", "material", "lieferant", "preis", "lieferfrist", "bemerkung") VALUES ('914002a3-6952-49e0-87b1-9d2296fbcef5', '53ca0c75-7e40-448d-9dcb-a87ae0d8b882', '6a4632ae-7b10-4510-a1b0-a86e4106d9df', '29ff60bc-8e31-4085-b77a-01fe273d56e0', 'WELD', NULL, 'offen', NULL, NULL, 1, 'Stk', '', NULL, NULL, NULL, NULL) ON CONFLICT (id) DO NOTHING;
INSERT INTO unterpositionen ("id", "positionId", "teilsystemId", "projektId", "name", "nummer", "status", "planStatus", "abteilung", "menge", "einheit", "material", "lieferant", "preis", "lieferfrist", "bemerkung") VALUES ('91e86aed-e6d8-4f2c-be9e-591393bb9a38', '8e93e1af-7660-418c-87ef-d011d705f3a8', 'e40a08c7-e832-44bc-8e49-2f37d40458bd', '29ff60bc-8e31-4085-b77a-01fe273d56e0', 'WELD', NULL, 'offen', NULL, NULL, 1, 'Stk', '', NULL, NULL, NULL, NULL) ON CONFLICT (id) DO NOTHING;
INSERT INTO unterpositionen ("id", "positionId", "teilsystemId", "projektId", "name", "nummer", "status", "planStatus", "abteilung", "menge", "einheit", "material", "lieferant", "preis", "lieferfrist", "bemerkung") VALUES ('926da500-6484-4267-9f38-5a94fb99e893', '132fd0f3-03ff-4231-a5a4-7af3ce619553', 'e40a08c7-e832-44bc-8e49-2f37d40458bd', '29ff60bc-8e31-4085-b77a-01fe273d56e0', 'Abkantblech', NULL, 'offen', NULL, NULL, 6, 'Stk', '', NULL, NULL, NULL, NULL) ON CONFLICT (id) DO NOTHING;
INSERT INTO unterpositionen ("id", "positionId", "teilsystemId", "projektId", "name", "nummer", "status", "planStatus", "abteilung", "menge", "einheit", "material", "lieferant", "preis", "lieferfrist", "bemerkung") VALUES ('927bd629-85e2-46c0-8587-670388ac8ca4', '53ca0c75-7e40-448d-9dcb-a87ae0d8b882', '6a4632ae-7b10-4510-a1b0-a86e4106d9df', '29ff60bc-8e31-4085-b77a-01fe273d56e0', 'WELD', NULL, 'offen', NULL, NULL, 1, 'Stk', '', NULL, NULL, NULL, NULL) ON CONFLICT (id) DO NOTHING;
INSERT INTO unterpositionen ("id", "positionId", "teilsystemId", "projektId", "name", "nummer", "status", "planStatus", "abteilung", "menge", "einheit", "material", "lieferant", "preis", "lieferfrist", "bemerkung") VALUES ('929200e9-5c72-4fd8-b3ef-2c03e8d1089a', '9dd190e0-a654-40cf-9211-3a2e6f591871', 'e40a08c7-e832-44bc-8e49-2f37d40458bd', '29ff60bc-8e31-4085-b77a-01fe273d56e0', 'Bauteil', NULL, 'offen', NULL, NULL, 1, 'Stk', '', NULL, NULL, NULL, NULL) ON CONFLICT (id) DO NOTHING;
INSERT INTO unterpositionen ("id", "positionId", "teilsystemId", "projektId", "name", "nummer", "status", "planStatus", "abteilung", "menge", "einheit", "material", "lieferant", "preis", "lieferfrist", "bemerkung") VALUES ('93091259-4648-4d4a-aae1-baf89e36502c', 'ff953dae-0fd8-4c3a-8fc8-f552d284a1fc', 'e40a08c7-e832-44bc-8e49-2f37d40458bd', '29ff60bc-8e31-4085-b77a-01fe273d56e0', 'WELD', NULL, 'offen', NULL, NULL, 1, 'Stk', '', NULL, NULL, NULL, NULL) ON CONFLICT (id) DO NOTHING;
INSERT INTO unterpositionen ("id", "positionId", "teilsystemId", "projektId", "name", "nummer", "status", "planStatus", "abteilung", "menge", "einheit", "material", "lieferant", "preis", "lieferfrist", "bemerkung") VALUES ('93fcc0eb-01bb-41f4-b824-68fa79650ed8', '82f8c186-8ef2-4954-bb67-9bb4e548a2e9', 'e40a08c7-e832-44bc-8e49-2f37d40458bd', '29ff60bc-8e31-4085-b77a-01fe273d56e0', 'Abkantblech', NULL, 'offen', NULL, NULL, 6, 'Stk', '', NULL, NULL, NULL, NULL) ON CONFLICT (id) DO NOTHING;
INSERT INTO unterpositionen ("id", "positionId", "teilsystemId", "projektId", "name", "nummer", "status", "planStatus", "abteilung", "menge", "einheit", "material", "lieferant", "preis", "lieferfrist", "bemerkung") VALUES ('95fa089c-e616-46d1-9881-590c508296a7', '6aa26cfc-8066-44fe-9fd3-54d8c719e48d', 'e40a08c7-e832-44bc-8e49-2f37d40458bd', '29ff60bc-8e31-4085-b77a-01fe273d56e0', 'WELD', NULL, 'offen', NULL, NULL, 1, 'Stk', '', NULL, NULL, NULL, NULL) ON CONFLICT (id) DO NOTHING;
INSERT INTO unterpositionen ("id", "positionId", "teilsystemId", "projektId", "name", "nummer", "status", "planStatus", "abteilung", "menge", "einheit", "material", "lieferant", "preis", "lieferfrist", "bemerkung") VALUES ('96b76ba7-b939-4d67-8610-a90245b91367', '53ca0c75-7e40-448d-9dcb-a87ae0d8b882', '6a4632ae-7b10-4510-a1b0-a86e4106d9df', '29ff60bc-8e31-4085-b77a-01fe273d56e0', 'WELD', NULL, 'offen', NULL, NULL, 1, 'Stk', '', NULL, NULL, NULL, NULL) ON CONFLICT (id) DO NOTHING;
INSERT INTO unterpositionen ("id", "positionId", "teilsystemId", "projektId", "name", "nummer", "status", "planStatus", "abteilung", "menge", "einheit", "material", "lieferant", "preis", "lieferfrist", "bemerkung") VALUES ('975a01c1-4ba0-4071-8bce-a68c86974f6c', 'f9bf861e-8fe3-4129-92a3-362ee2454765', '6a4632ae-7b10-4510-a1b0-a86e4106d9df', '29ff60bc-8e31-4085-b77a-01fe273d56e0', 'Fensterbauschraube', NULL, 'offen', NULL, NULL, 1, 'Stk', '', NULL, NULL, NULL, NULL) ON CONFLICT (id) DO NOTHING;
INSERT INTO unterpositionen ("id", "positionId", "teilsystemId", "projektId", "name", "nummer", "status", "planStatus", "abteilung", "menge", "einheit", "material", "lieferant", "preis", "lieferfrist", "bemerkung") VALUES ('97b48581-ddbd-48c9-93ec-57c57e1299f9', '132fd0f3-03ff-4231-a5a4-7af3ce619553', 'e40a08c7-e832-44bc-8e49-2f37d40458bd', '29ff60bc-8e31-4085-b77a-01fe273d56e0', 'WELD', NULL, 'offen', NULL, NULL, 1, 'Stk', '', NULL, NULL, NULL, NULL) ON CONFLICT (id) DO NOTHING;
INSERT INTO unterpositionen ("id", "positionId", "teilsystemId", "projektId", "name", "nummer", "status", "planStatus", "abteilung", "menge", "einheit", "material", "lieferant", "preis", "lieferfrist", "bemerkung") VALUES ('981f3be6-6f0e-47ac-ad9e-39af55ce713a', '53ca0c75-7e40-448d-9dcb-a87ae0d8b882', '6a4632ae-7b10-4510-a1b0-a86e4106d9df', '29ff60bc-8e31-4085-b77a-01fe273d56e0', 'WELD', NULL, 'offen', NULL, NULL, 1, 'Stk', '', NULL, NULL, NULL, NULL) ON CONFLICT (id) DO NOTHING;
INSERT INTO unterpositionen ("id", "positionId", "teilsystemId", "projektId", "name", "nummer", "status", "planStatus", "abteilung", "menge", "einheit", "material", "lieferant", "preis", "lieferfrist", "bemerkung") VALUES ('9889d9b9-631a-457f-988f-b9e1437e7bc9', 'ff00aa18-a1de-49f1-aa2e-8d56a3ee055b', 'e40a08c7-e832-44bc-8e49-2f37d40458bd', '29ff60bc-8e31-4085-b77a-01fe273d56e0', 'WELD', NULL, 'offen', NULL, NULL, 1, 'Stk', '', NULL, NULL, NULL, NULL) ON CONFLICT (id) DO NOTHING;
INSERT INTO unterpositionen ("id", "positionId", "teilsystemId", "projektId", "name", "nummer", "status", "planStatus", "abteilung", "menge", "einheit", "material", "lieferant", "preis", "lieferfrist", "bemerkung") VALUES ('988e0464-0bcc-4167-96b2-ec9b5af4b298', '0cfdb36a-2209-4592-a26d-84a8abfa14b6', 'e40a08c7-e832-44bc-8e49-2f37d40458bd', '29ff60bc-8e31-4085-b77a-01fe273d56e0', 'WELD', NULL, 'offen', NULL, NULL, 1, 'Stk', '', NULL, NULL, NULL, NULL) ON CONFLICT (id) DO NOTHING;
INSERT INTO unterpositionen ("id", "positionId", "teilsystemId", "projektId", "name", "nummer", "status", "planStatus", "abteilung", "menge", "einheit", "material", "lieferant", "preis", "lieferfrist", "bemerkung") VALUES ('99aa20bb-b0ae-4d19-9133-7917b188a4d8', '53ca0c75-7e40-448d-9dcb-a87ae0d8b882', '6a4632ae-7b10-4510-a1b0-a86e4106d9df', '29ff60bc-8e31-4085-b77a-01fe273d56e0', 'WELD', NULL, 'offen', NULL, NULL, 1, 'Stk', '', NULL, NULL, NULL, NULL) ON CONFLICT (id) DO NOTHING;
INSERT INTO unterpositionen ("id", "positionId", "teilsystemId", "projektId", "name", "nummer", "status", "planStatus", "abteilung", "menge", "einheit", "material", "lieferant", "preis", "lieferfrist", "bemerkung") VALUES ('9a0773e3-6b60-42c8-852a-ca228e24a33b', '3e8ca642-3771-4838-932e-8f28128a5f96', 'e40a08c7-e832-44bc-8e49-2f37d40458bd', '29ff60bc-8e31-4085-b77a-01fe273d56e0', 'WELD', NULL, 'offen', NULL, NULL, 1, 'Stk', '', NULL, NULL, NULL, NULL) ON CONFLICT (id) DO NOTHING;
INSERT INTO unterpositionen ("id", "positionId", "teilsystemId", "projektId", "name", "nummer", "status", "planStatus", "abteilung", "menge", "einheit", "material", "lieferant", "preis", "lieferfrist", "bemerkung") VALUES ('9b5adb1f-5449-4d24-aaa3-3f98409dd0a1', 'caf26297-08d7-44cf-a84a-405221d243a3', 'e40a08c7-e832-44bc-8e49-2f37d40458bd', '29ff60bc-8e31-4085-b77a-01fe273d56e0', 'WELD', NULL, 'offen', NULL, NULL, 1, 'Stk', '', NULL, NULL, NULL, NULL) ON CONFLICT (id) DO NOTHING;
INSERT INTO unterpositionen ("id", "positionId", "teilsystemId", "projektId", "name", "nummer", "status", "planStatus", "abteilung", "menge", "einheit", "material", "lieferant", "preis", "lieferfrist", "bemerkung") VALUES ('9d59584e-0a0d-43d1-bbef-a745c966bdd1', '53ca0c75-7e40-448d-9dcb-a87ae0d8b882', '6a4632ae-7b10-4510-a1b0-a86e4106d9df', '29ff60bc-8e31-4085-b77a-01fe273d56e0', 'WELD', NULL, 'offen', NULL, NULL, 1, 'Stk', '', NULL, NULL, NULL, NULL) ON CONFLICT (id) DO NOTHING;
INSERT INTO unterpositionen ("id", "positionId", "teilsystemId", "projektId", "name", "nummer", "status", "planStatus", "abteilung", "menge", "einheit", "material", "lieferant", "preis", "lieferfrist", "bemerkung") VALUES ('9d9c4981-bb68-4d2f-8dd1-add8b2dc78dc', '53ca0c75-7e40-448d-9dcb-a87ae0d8b882', '6a4632ae-7b10-4510-a1b0-a86e4106d9df', '29ff60bc-8e31-4085-b77a-01fe273d56e0', 'Abschalung WT', NULL, 'offen', NULL, NULL, 12, 'Stk', '', NULL, NULL, NULL, NULL) ON CONFLICT (id) DO NOTHING;
INSERT INTO unterpositionen ("id", "positionId", "teilsystemId", "projektId", "name", "nummer", "status", "planStatus", "abteilung", "menge", "einheit", "material", "lieferant", "preis", "lieferfrist", "bemerkung") VALUES ('9da6d980-7f0e-49ca-8a01-aa2db2c1415c', '4fd917e7-e975-45ca-8145-7e611e7e59f6', 'e40a08c7-e832-44bc-8e49-2f37d40458bd', '29ff60bc-8e31-4085-b77a-01fe273d56e0', 'WELD', NULL, 'offen', NULL, NULL, 1, 'Stk', '', NULL, NULL, NULL, NULL) ON CONFLICT (id) DO NOTHING;
INSERT INTO unterpositionen ("id", "positionId", "teilsystemId", "projektId", "name", "nummer", "status", "planStatus", "abteilung", "menge", "einheit", "material", "lieferant", "preis", "lieferfrist", "bemerkung") VALUES ('9dc7c72d-bcaf-4993-9a8a-444465e1149c', '82f8c186-8ef2-4954-bb67-9bb4e548a2e9', 'e40a08c7-e832-44bc-8e49-2f37d40458bd', '29ff60bc-8e31-4085-b77a-01fe273d56e0', 'WELD', NULL, 'offen', NULL, NULL, 1, 'Stk', '', NULL, NULL, NULL, NULL) ON CONFLICT (id) DO NOTHING;
INSERT INTO unterpositionen ("id", "positionId", "teilsystemId", "projektId", "name", "nummer", "status", "planStatus", "abteilung", "menge", "einheit", "material", "lieferant", "preis", "lieferfrist", "bemerkung") VALUES ('a0901258-6292-422d-ae55-1675092151f4', '53ca0c75-7e40-448d-9dcb-a87ae0d8b882', '6a4632ae-7b10-4510-a1b0-a86e4106d9df', '29ff60bc-8e31-4085-b77a-01fe273d56e0', 'WELD', NULL, 'offen', NULL, NULL, 1, 'Stk', '', NULL, NULL, NULL, NULL) ON CONFLICT (id) DO NOTHING;
INSERT INTO unterpositionen ("id", "positionId", "teilsystemId", "projektId", "name", "nummer", "status", "planStatus", "abteilung", "menge", "einheit", "material", "lieferant", "preis", "lieferfrist", "bemerkung") VALUES ('a110a66a-6dfb-4185-9d30-6df0c0c31fd0', '53ca0c75-7e40-448d-9dcb-a87ae0d8b882', '6a4632ae-7b10-4510-a1b0-a86e4106d9df', '29ff60bc-8e31-4085-b77a-01fe273d56e0', 'WELD', NULL, 'offen', NULL, NULL, 1, 'Stk', '', NULL, NULL, NULL, NULL) ON CONFLICT (id) DO NOTHING;
INSERT INTO unterpositionen ("id", "positionId", "teilsystemId", "projektId", "name", "nummer", "status", "planStatus", "abteilung", "menge", "einheit", "material", "lieferant", "preis", "lieferfrist", "bemerkung") VALUES ('a1896548-a7f0-4125-9450-7e37875164a8', '9dd190e0-a654-40cf-9211-3a2e6f591871', 'e40a08c7-e832-44bc-8e49-2f37d40458bd', '29ff60bc-8e31-4085-b77a-01fe273d56e0', 'WELD', NULL, 'offen', NULL, NULL, 1, 'Stk', '', NULL, NULL, NULL, NULL) ON CONFLICT (id) DO NOTHING;
INSERT INTO unterpositionen ("id", "positionId", "teilsystemId", "projektId", "name", "nummer", "status", "planStatus", "abteilung", "menge", "einheit", "material", "lieferant", "preis", "lieferfrist", "bemerkung") VALUES ('a28c5d89-1056-4dea-81db-4c5d47d8b792', 'f8198872-6a74-4adc-8ee3-d9cfb72cf5c1', 'e40a08c7-e832-44bc-8e49-2f37d40458bd', '29ff60bc-8e31-4085-b77a-01fe273d56e0', 'Abkantblech', NULL, 'offen', NULL, NULL, 6, 'Stk', '', NULL, NULL, NULL, NULL) ON CONFLICT (id) DO NOTHING;
INSERT INTO unterpositionen ("id", "positionId", "teilsystemId", "projektId", "name", "nummer", "status", "planStatus", "abteilung", "menge", "einheit", "material", "lieferant", "preis", "lieferfrist", "bemerkung") VALUES ('a32f9e55-83e1-429f-8081-d9b53903a2c9', '8e93e1af-7660-418c-87ef-d011d705f3a8', 'e40a08c7-e832-44bc-8e49-2f37d40458bd', '29ff60bc-8e31-4085-b77a-01fe273d56e0', 'WELD', NULL, 'offen', NULL, NULL, 1, 'Stk', '', NULL, NULL, NULL, NULL) ON CONFLICT (id) DO NOTHING;
INSERT INTO unterpositionen ("id", "positionId", "teilsystemId", "projektId", "name", "nummer", "status", "planStatus", "abteilung", "menge", "einheit", "material", "lieferant", "preis", "lieferfrist", "bemerkung") VALUES ('a3965592-f511-4777-9da1-ce30dad2e29f', '8e93e1af-7660-418c-87ef-d011d705f3a8', 'e40a08c7-e832-44bc-8e49-2f37d40458bd', '29ff60bc-8e31-4085-b77a-01fe273d56e0', 'Abkantblech', NULL, 'offen', NULL, NULL, 6, 'Stk', '', NULL, NULL, NULL, NULL) ON CONFLICT (id) DO NOTHING;
INSERT INTO unterpositionen ("id", "positionId", "teilsystemId", "projektId", "name", "nummer", "status", "planStatus", "abteilung", "menge", "einheit", "material", "lieferant", "preis", "lieferfrist", "bemerkung") VALUES ('a4224875-820b-4fa0-9d39-fb43c0f42945', '3e8ca642-3771-4838-932e-8f28128a5f96', 'e40a08c7-e832-44bc-8e49-2f37d40458bd', '29ff60bc-8e31-4085-b77a-01fe273d56e0', 'Abkantblech', NULL, 'offen', NULL, NULL, 6, 'Stk', '', NULL, NULL, NULL, NULL) ON CONFLICT (id) DO NOTHING;
INSERT INTO unterpositionen ("id", "positionId", "teilsystemId", "projektId", "name", "nummer", "status", "planStatus", "abteilung", "menge", "einheit", "material", "lieferant", "preis", "lieferfrist", "bemerkung") VALUES ('a673183a-7a02-4540-8d7d-967fbaa20465', '53ca0c75-7e40-448d-9dcb-a87ae0d8b882', '6a4632ae-7b10-4510-a1b0-a86e4106d9df', '29ff60bc-8e31-4085-b77a-01fe273d56e0', 'Bauteil', NULL, 'offen', NULL, NULL, 1, 'Stk', '', NULL, NULL, NULL, NULL) ON CONFLICT (id) DO NOTHING;
INSERT INTO unterpositionen ("id", "positionId", "teilsystemId", "projektId", "name", "nummer", "status", "planStatus", "abteilung", "menge", "einheit", "material", "lieferant", "preis", "lieferfrist", "bemerkung") VALUES ('a731c84e-fe9b-4620-9b0e-692992d5d304', 'ff00aa18-a1de-49f1-aa2e-8d56a3ee055b', 'e40a08c7-e832-44bc-8e49-2f37d40458bd', '29ff60bc-8e31-4085-b77a-01fe273d56e0', 'WELD', NULL, 'offen', NULL, NULL, 1, 'Stk', '', NULL, NULL, NULL, NULL) ON CONFLICT (id) DO NOTHING;
INSERT INTO unterpositionen ("id", "positionId", "teilsystemId", "projektId", "name", "nummer", "status", "planStatus", "abteilung", "menge", "einheit", "material", "lieferant", "preis", "lieferfrist", "bemerkung") VALUES ('a7bc2516-f176-4283-aafb-350baf36b472', 'caf26297-08d7-44cf-a84a-405221d243a3', 'e40a08c7-e832-44bc-8e49-2f37d40458bd', '29ff60bc-8e31-4085-b77a-01fe273d56e0', 'WELD', NULL, 'offen', NULL, NULL, 1, 'Stk', '', NULL, NULL, NULL, NULL) ON CONFLICT (id) DO NOTHING;
INSERT INTO unterpositionen ("id", "positionId", "teilsystemId", "projektId", "name", "nummer", "status", "planStatus", "abteilung", "menge", "einheit", "material", "lieferant", "preis", "lieferfrist", "bemerkung") VALUES ('a921c9a9-a359-4ca0-9e78-b71ebfdd59ea', '53ca0c75-7e40-448d-9dcb-a87ae0d8b882', '6a4632ae-7b10-4510-a1b0-a86e4106d9df', '29ff60bc-8e31-4085-b77a-01fe273d56e0', 'WELD', NULL, 'offen', NULL, NULL, 1, 'Stk', '', NULL, NULL, NULL, NULL) ON CONFLICT (id) DO NOTHING;
INSERT INTO unterpositionen ("id", "positionId", "teilsystemId", "projektId", "name", "nummer", "status", "planStatus", "abteilung", "menge", "einheit", "material", "lieferant", "preis", "lieferfrist", "bemerkung") VALUES ('a9340dab-970b-4a85-a90d-9ae22bc9bc3c', '53ca0c75-7e40-448d-9dcb-a87ae0d8b882', '6a4632ae-7b10-4510-a1b0-a86e4106d9df', '29ff60bc-8e31-4085-b77a-01fe273d56e0', 'WELD', NULL, 'offen', NULL, NULL, 1, 'Stk', '', NULL, NULL, NULL, NULL) ON CONFLICT (id) DO NOTHING;
INSERT INTO unterpositionen ("id", "positionId", "teilsystemId", "projektId", "name", "nummer", "status", "planStatus", "abteilung", "menge", "einheit", "material", "lieferant", "preis", "lieferfrist", "bemerkung") VALUES ('a9460a4d-b34d-4cdf-b3cd-f1cca24a7966', 'eeb2279f-fdf4-46c4-a87d-c6afd24c9e1b', 'e40a08c7-e832-44bc-8e49-2f37d40458bd', '29ff60bc-8e31-4085-b77a-01fe273d56e0', 'Bauteil', NULL, 'offen', NULL, NULL, 1, 'Stk', '', NULL, NULL, NULL, NULL) ON CONFLICT (id) DO NOTHING;
INSERT INTO unterpositionen ("id", "positionId", "teilsystemId", "projektId", "name", "nummer", "status", "planStatus", "abteilung", "menge", "einheit", "material", "lieferant", "preis", "lieferfrist", "bemerkung") VALUES ('a96b9ddc-6c2c-47df-a5f6-a466ff01e857', 'caf26297-08d7-44cf-a84a-405221d243a3', 'e40a08c7-e832-44bc-8e49-2f37d40458bd', '29ff60bc-8e31-4085-b77a-01fe273d56e0', 'WELD', NULL, 'offen', NULL, NULL, 1, 'Stk', '', NULL, NULL, NULL, NULL) ON CONFLICT (id) DO NOTHING;
INSERT INTO unterpositionen ("id", "positionId", "teilsystemId", "projektId", "name", "nummer", "status", "planStatus", "abteilung", "menge", "einheit", "material", "lieferant", "preis", "lieferfrist", "bemerkung") VALUES ('aa7e5ac4-c26f-4bf1-ab27-11adb1e93aaa', '53ca0c75-7e40-448d-9dcb-a87ae0d8b882', '6a4632ae-7b10-4510-a1b0-a86e4106d9df', '29ff60bc-8e31-4085-b77a-01fe273d56e0', 'WELD', NULL, 'offen', NULL, NULL, 1, 'Stk', '', NULL, NULL, NULL, NULL) ON CONFLICT (id) DO NOTHING;
INSERT INTO unterpositionen ("id", "positionId", "teilsystemId", "projektId", "name", "nummer", "status", "planStatus", "abteilung", "menge", "einheit", "material", "lieferant", "preis", "lieferfrist", "bemerkung") VALUES ('aab384d7-5281-46e9-8be3-46184d842838', '3e8ca642-3771-4838-932e-8f28128a5f96', 'e40a08c7-e832-44bc-8e49-2f37d40458bd', '29ff60bc-8e31-4085-b77a-01fe273d56e0', 'WELD', NULL, 'offen', NULL, NULL, 1, 'Stk', '', NULL, NULL, NULL, NULL) ON CONFLICT (id) DO NOTHING;
INSERT INTO unterpositionen ("id", "positionId", "teilsystemId", "projektId", "name", "nummer", "status", "planStatus", "abteilung", "menge", "einheit", "material", "lieferant", "preis", "lieferfrist", "bemerkung") VALUES ('aaca4b4a-ad8f-4a45-bd6b-6d00eb5e053b', 'caf26297-08d7-44cf-a84a-405221d243a3', 'e40a08c7-e832-44bc-8e49-2f37d40458bd', '29ff60bc-8e31-4085-b77a-01fe273d56e0', 'WELD', NULL, 'offen', NULL, NULL, 1, 'Stk', '', NULL, NULL, NULL, NULL) ON CONFLICT (id) DO NOTHING;
INSERT INTO unterpositionen ("id", "positionId", "teilsystemId", "projektId", "name", "nummer", "status", "planStatus", "abteilung", "menge", "einheit", "material", "lieferant", "preis", "lieferfrist", "bemerkung") VALUES ('ab548ec0-8fc0-4070-8ad7-8899f804b931', 'ff00aa18-a1de-49f1-aa2e-8d56a3ee055b', 'e40a08c7-e832-44bc-8e49-2f37d40458bd', '29ff60bc-8e31-4085-b77a-01fe273d56e0', 'WELD', NULL, 'offen', NULL, NULL, 1, 'Stk', '', NULL, NULL, NULL, NULL) ON CONFLICT (id) DO NOTHING;
INSERT INTO unterpositionen ("id", "positionId", "teilsystemId", "projektId", "name", "nummer", "status", "planStatus", "abteilung", "menge", "einheit", "material", "lieferant", "preis", "lieferfrist", "bemerkung") VALUES ('abe0bfb1-7f71-4571-a88d-0a6663fd158b', '82f8c186-8ef2-4954-bb67-9bb4e548a2e9', 'e40a08c7-e832-44bc-8e49-2f37d40458bd', '29ff60bc-8e31-4085-b77a-01fe273d56e0', 'WELD', NULL, 'offen', NULL, NULL, 1, 'Stk', '', NULL, NULL, NULL, NULL) ON CONFLICT (id) DO NOTHING;
INSERT INTO unterpositionen ("id", "positionId", "teilsystemId", "projektId", "name", "nummer", "status", "planStatus", "abteilung", "menge", "einheit", "material", "lieferant", "preis", "lieferfrist", "bemerkung") VALUES ('ac27a1dd-ebbf-4d44-a69c-8fe0b09b3c86', '8e93e1af-7660-418c-87ef-d011d705f3a8', 'e40a08c7-e832-44bc-8e49-2f37d40458bd', '29ff60bc-8e31-4085-b77a-01fe273d56e0', 'WELD', NULL, 'offen', NULL, NULL, 1, 'Stk', '', NULL, NULL, NULL, NULL) ON CONFLICT (id) DO NOTHING;
INSERT INTO unterpositionen ("id", "positionId", "teilsystemId", "projektId", "name", "nummer", "status", "planStatus", "abteilung", "menge", "einheit", "material", "lieferant", "preis", "lieferfrist", "bemerkung") VALUES ('ad1d1e22-771a-42fb-9d80-6b65e8834692', '0cfdb36a-2209-4592-a26d-84a8abfa14b6', 'e40a08c7-e832-44bc-8e49-2f37d40458bd', '29ff60bc-8e31-4085-b77a-01fe273d56e0', 'WELD', NULL, 'offen', NULL, NULL, 1, 'Stk', '', NULL, NULL, NULL, NULL) ON CONFLICT (id) DO NOTHING;
INSERT INTO unterpositionen ("id", "positionId", "teilsystemId", "projektId", "name", "nummer", "status", "planStatus", "abteilung", "menge", "einheit", "material", "lieferant", "preis", "lieferfrist", "bemerkung") VALUES ('ad2708a8-53d8-481a-aa0c-bce14235ef70', 'c61cac4e-f923-43e8-932f-8d16e41faf76', 'e40a08c7-e832-44bc-8e49-2f37d40458bd', '29ff60bc-8e31-4085-b77a-01fe273d56e0', 'WELD', NULL, 'offen', NULL, NULL, 1, 'Stk', '', NULL, NULL, NULL, NULL) ON CONFLICT (id) DO NOTHING;
INSERT INTO unterpositionen ("id", "positionId", "teilsystemId", "projektId", "name", "nummer", "status", "planStatus", "abteilung", "menge", "einheit", "material", "lieferant", "preis", "lieferfrist", "bemerkung") VALUES ('add24a04-3f78-4b54-8d53-7d177d7c7404', 'ff953dae-0fd8-4c3a-8fc8-f552d284a1fc', 'e40a08c7-e832-44bc-8e49-2f37d40458bd', '29ff60bc-8e31-4085-b77a-01fe273d56e0', 'WELD', NULL, 'offen', NULL, NULL, 1, 'Stk', '', NULL, NULL, NULL, NULL) ON CONFLICT (id) DO NOTHING;
INSERT INTO unterpositionen ("id", "positionId", "teilsystemId", "projektId", "name", "nummer", "status", "planStatus", "abteilung", "menge", "einheit", "material", "lieferant", "preis", "lieferfrist", "bemerkung") VALUES ('ae59087a-9f88-455d-a32d-b7d40150e393', '132fd0f3-03ff-4231-a5a4-7af3ce619553', 'e40a08c7-e832-44bc-8e49-2f37d40458bd', '29ff60bc-8e31-4085-b77a-01fe273d56e0', 'WELD', NULL, 'offen', NULL, NULL, 1, 'Stk', '', NULL, NULL, NULL, NULL) ON CONFLICT (id) DO NOTHING;
INSERT INTO unterpositionen ("id", "positionId", "teilsystemId", "projektId", "name", "nummer", "status", "planStatus", "abteilung", "menge", "einheit", "material", "lieferant", "preis", "lieferfrist", "bemerkung") VALUES ('aea90f3a-d3f2-4eac-93e4-b0bf7e1c91ac', '132fd0f3-03ff-4231-a5a4-7af3ce619553', 'e40a08c7-e832-44bc-8e49-2f37d40458bd', '29ff60bc-8e31-4085-b77a-01fe273d56e0', 'WELD', NULL, 'offen', NULL, NULL, 1, 'Stk', '', NULL, NULL, NULL, NULL) ON CONFLICT (id) DO NOTHING;
INSERT INTO unterpositionen ("id", "positionId", "teilsystemId", "projektId", "name", "nummer", "status", "planStatus", "abteilung", "menge", "einheit", "material", "lieferant", "preis", "lieferfrist", "bemerkung") VALUES ('afc82c96-b3d7-4220-a248-34864a4be234', '8e93e1af-7660-418c-87ef-d011d705f3a8', 'e40a08c7-e832-44bc-8e49-2f37d40458bd', '29ff60bc-8e31-4085-b77a-01fe273d56e0', 'Bauteil', NULL, 'offen', NULL, NULL, 1, 'Stk', '', NULL, NULL, NULL, NULL) ON CONFLICT (id) DO NOTHING;
INSERT INTO unterpositionen ("id", "positionId", "teilsystemId", "projektId", "name", "nummer", "status", "planStatus", "abteilung", "menge", "einheit", "material", "lieferant", "preis", "lieferfrist", "bemerkung") VALUES ('afeca52f-9fcc-4423-9c1f-dc14c1f3d6d7', '53ca0c75-7e40-448d-9dcb-a87ae0d8b882', '6a4632ae-7b10-4510-a1b0-a86e4106d9df', '29ff60bc-8e31-4085-b77a-01fe273d56e0', 'Bauteil', NULL, 'offen', NULL, NULL, 1, 'Stk', '', NULL, NULL, NULL, NULL) ON CONFLICT (id) DO NOTHING;
INSERT INTO unterpositionen ("id", "positionId", "teilsystemId", "projektId", "name", "nummer", "status", "planStatus", "abteilung", "menge", "einheit", "material", "lieferant", "preis", "lieferfrist", "bemerkung") VALUES ('b1300fa4-c2d6-4da1-8750-f72f5342ba22', 'caf26297-08d7-44cf-a84a-405221d243a3', 'e40a08c7-e832-44bc-8e49-2f37d40458bd', '29ff60bc-8e31-4085-b77a-01fe273d56e0', 'WELD', NULL, 'offen', NULL, NULL, 1, 'Stk', '', NULL, NULL, NULL, NULL) ON CONFLICT (id) DO NOTHING;
INSERT INTO unterpositionen ("id", "positionId", "teilsystemId", "projektId", "name", "nummer", "status", "planStatus", "abteilung", "menge", "einheit", "material", "lieferant", "preis", "lieferfrist", "bemerkung") VALUES ('b241ece8-0e61-407d-a3b5-096b78d67861', '53ca0c75-7e40-448d-9dcb-a87ae0d8b882', '6a4632ae-7b10-4510-a1b0-a86e4106d9df', '29ff60bc-8e31-4085-b77a-01fe273d56e0', 'WELD', NULL, 'offen', NULL, NULL, 1, 'Stk', '', NULL, NULL, NULL, NULL) ON CONFLICT (id) DO NOTHING;
INSERT INTO unterpositionen ("id", "positionId", "teilsystemId", "projektId", "name", "nummer", "status", "planStatus", "abteilung", "menge", "einheit", "material", "lieferant", "preis", "lieferfrist", "bemerkung") VALUES ('b2e7d753-7bbe-4f39-8116-5306b34e04f3', '4fd917e7-e975-45ca-8145-7e611e7e59f6', 'e40a08c7-e832-44bc-8e49-2f37d40458bd', '29ff60bc-8e31-4085-b77a-01fe273d56e0', 'WELD', NULL, 'offen', NULL, NULL, 1, 'Stk', '', NULL, NULL, NULL, NULL) ON CONFLICT (id) DO NOTHING;
INSERT INTO unterpositionen ("id", "positionId", "teilsystemId", "projektId", "name", "nummer", "status", "planStatus", "abteilung", "menge", "einheit", "material", "lieferant", "preis", "lieferfrist", "bemerkung") VALUES ('b2fad3e3-729c-4685-95d5-facd709f0079', '53ca0c75-7e40-448d-9dcb-a87ae0d8b882', '6a4632ae-7b10-4510-a1b0-a86e4106d9df', '29ff60bc-8e31-4085-b77a-01fe273d56e0', 'WELD', NULL, 'offen', NULL, NULL, 1, 'Stk', '', NULL, NULL, NULL, NULL) ON CONFLICT (id) DO NOTHING;
INSERT INTO unterpositionen ("id", "positionId", "teilsystemId", "projektId", "name", "nummer", "status", "planStatus", "abteilung", "menge", "einheit", "material", "lieferant", "preis", "lieferfrist", "bemerkung") VALUES ('b448efcb-39b3-480e-be23-66f235bdc3c3', '53ca0c75-7e40-448d-9dcb-a87ae0d8b882', '6a4632ae-7b10-4510-a1b0-a86e4106d9df', '29ff60bc-8e31-4085-b77a-01fe273d56e0', 'WELD', NULL, 'offen', NULL, NULL, 1, 'Stk', '', NULL, NULL, NULL, NULL) ON CONFLICT (id) DO NOTHING;
INSERT INTO unterpositionen ("id", "positionId", "teilsystemId", "projektId", "name", "nummer", "status", "planStatus", "abteilung", "menge", "einheit", "material", "lieferant", "preis", "lieferfrist", "bemerkung") VALUES ('b44f565a-530b-429b-8cc4-39544b95485e', '53ca0c75-7e40-448d-9dcb-a87ae0d8b882', '6a4632ae-7b10-4510-a1b0-a86e4106d9df', '29ff60bc-8e31-4085-b77a-01fe273d56e0', 'WELD', NULL, 'offen', NULL, NULL, 1, 'Stk', '', NULL, NULL, NULL, NULL) ON CONFLICT (id) DO NOTHING;
INSERT INTO unterpositionen ("id", "positionId", "teilsystemId", "projektId", "name", "nummer", "status", "planStatus", "abteilung", "menge", "einheit", "material", "lieferant", "preis", "lieferfrist", "bemerkung") VALUES ('b4a13150-634f-48ab-ad68-5ce5b530a487', '0cfdb36a-2209-4592-a26d-84a8abfa14b6', 'e40a08c7-e832-44bc-8e49-2f37d40458bd', '29ff60bc-8e31-4085-b77a-01fe273d56e0', 'WELD', NULL, 'offen', NULL, NULL, 1, 'Stk', '', NULL, NULL, NULL, NULL) ON CONFLICT (id) DO NOTHING;
INSERT INTO unterpositionen ("id", "positionId", "teilsystemId", "projektId", "name", "nummer", "status", "planStatus", "abteilung", "menge", "einheit", "material", "lieferant", "preis", "lieferfrist", "bemerkung") VALUES ('b62cf281-2588-465f-8653-cd5274b032cb', 'ff00aa18-a1de-49f1-aa2e-8d56a3ee055b', 'e40a08c7-e832-44bc-8e49-2f37d40458bd', '29ff60bc-8e31-4085-b77a-01fe273d56e0', 'WELD', NULL, 'offen', NULL, NULL, 1, 'Stk', '', NULL, NULL, NULL, NULL) ON CONFLICT (id) DO NOTHING;
INSERT INTO unterpositionen ("id", "positionId", "teilsystemId", "projektId", "name", "nummer", "status", "planStatus", "abteilung", "menge", "einheit", "material", "lieferant", "preis", "lieferfrist", "bemerkung") VALUES ('b64f03e4-6e7e-43fd-8439-c37b489ff2c8', '6aa26cfc-8066-44fe-9fd3-54d8c719e48d', 'e40a08c7-e832-44bc-8e49-2f37d40458bd', '29ff60bc-8e31-4085-b77a-01fe273d56e0', 'WELD', NULL, 'offen', NULL, NULL, 1, 'Stk', '', NULL, NULL, NULL, NULL) ON CONFLICT (id) DO NOTHING;
INSERT INTO unterpositionen ("id", "positionId", "teilsystemId", "projektId", "name", "nummer", "status", "planStatus", "abteilung", "menge", "einheit", "material", "lieferant", "preis", "lieferfrist", "bemerkung") VALUES ('b6f1892e-98b7-4042-9278-db4a7b01cac3', '53ca0c75-7e40-448d-9dcb-a87ae0d8b882', '6a4632ae-7b10-4510-a1b0-a86e4106d9df', '29ff60bc-8e31-4085-b77a-01fe273d56e0', 'Bauteil', NULL, 'offen', NULL, NULL, 1, 'Stk', '', NULL, NULL, NULL, NULL) ON CONFLICT (id) DO NOTHING;
INSERT INTO unterpositionen ("id", "positionId", "teilsystemId", "projektId", "name", "nummer", "status", "planStatus", "abteilung", "menge", "einheit", "material", "lieferant", "preis", "lieferfrist", "bemerkung") VALUES ('b9d66fb5-7002-474a-bd22-f887af3f1a99', '53ca0c75-7e40-448d-9dcb-a87ae0d8b882', '6a4632ae-7b10-4510-a1b0-a86e4106d9df', '29ff60bc-8e31-4085-b77a-01fe273d56e0', 'WELD', NULL, 'offen', NULL, NULL, 1, 'Stk', '', NULL, NULL, NULL, NULL) ON CONFLICT (id) DO NOTHING;
INSERT INTO unterpositionen ("id", "positionId", "teilsystemId", "projektId", "name", "nummer", "status", "planStatus", "abteilung", "menge", "einheit", "material", "lieferant", "preis", "lieferfrist", "bemerkung") VALUES ('ba2269ed-9c66-402a-a265-481869e55a1d', 'ff953dae-0fd8-4c3a-8fc8-f552d284a1fc', 'e40a08c7-e832-44bc-8e49-2f37d40458bd', '29ff60bc-8e31-4085-b77a-01fe273d56e0', 'WELD', NULL, 'offen', NULL, NULL, 1, 'Stk', '', NULL, NULL, NULL, NULL) ON CONFLICT (id) DO NOTHING;
INSERT INTO unterpositionen ("id", "positionId", "teilsystemId", "projektId", "name", "nummer", "status", "planStatus", "abteilung", "menge", "einheit", "material", "lieferant", "preis", "lieferfrist", "bemerkung") VALUES ('bc350cd7-3bbc-4711-9635-1c3dce12e157', '3e8ca642-3771-4838-932e-8f28128a5f96', 'e40a08c7-e832-44bc-8e49-2f37d40458bd', '29ff60bc-8e31-4085-b77a-01fe273d56e0', 'Bauteil', NULL, 'offen', NULL, NULL, 1, 'Stk', '', NULL, NULL, NULL, NULL) ON CONFLICT (id) DO NOTHING;
INSERT INTO unterpositionen ("id", "positionId", "teilsystemId", "projektId", "name", "nummer", "status", "planStatus", "abteilung", "menge", "einheit", "material", "lieferant", "preis", "lieferfrist", "bemerkung") VALUES ('bc54c3b6-b680-4292-a1f0-7ead09eee4d7', '4fd917e7-e975-45ca-8145-7e611e7e59f6', 'e40a08c7-e832-44bc-8e49-2f37d40458bd', '29ff60bc-8e31-4085-b77a-01fe273d56e0', 'WELD', NULL, 'offen', NULL, NULL, 1, 'Stk', '', NULL, NULL, NULL, NULL) ON CONFLICT (id) DO NOTHING;
INSERT INTO unterpositionen ("id", "positionId", "teilsystemId", "projektId", "name", "nummer", "status", "planStatus", "abteilung", "menge", "einheit", "material", "lieferant", "preis", "lieferfrist", "bemerkung") VALUES ('bd758690-d5b2-4766-b9b2-c96cb17430b1', '30cb7c7b-16a7-429c-a086-cd320a265b28', '6a4632ae-7b10-4510-a1b0-a86e4106d9df', '29ff60bc-8e31-4085-b77a-01fe273d56e0', 'Fensterbauschraube', NULL, 'offen', NULL, NULL, 1, 'Stk', '', NULL, NULL, NULL, NULL) ON CONFLICT (id) DO NOTHING;
INSERT INTO unterpositionen ("id", "positionId", "teilsystemId", "projektId", "name", "nummer", "status", "planStatus", "abteilung", "menge", "einheit", "material", "lieferant", "preis", "lieferfrist", "bemerkung") VALUES ('bef535ee-a4ae-42a5-bd76-27f345675fef', '8e93e1af-7660-418c-87ef-d011d705f3a8', 'e40a08c7-e832-44bc-8e49-2f37d40458bd', '29ff60bc-8e31-4085-b77a-01fe273d56e0', 'WELD', NULL, 'offen', NULL, NULL, 1, 'Stk', '', NULL, NULL, NULL, NULL) ON CONFLICT (id) DO NOTHING;
INSERT INTO unterpositionen ("id", "positionId", "teilsystemId", "projektId", "name", "nummer", "status", "planStatus", "abteilung", "menge", "einheit", "material", "lieferant", "preis", "lieferfrist", "bemerkung") VALUES ('bf5e080d-05b5-411f-ae42-dcccfb87899e', 'caf26297-08d7-44cf-a84a-405221d243a3', 'e40a08c7-e832-44bc-8e49-2f37d40458bd', '29ff60bc-8e31-4085-b77a-01fe273d56e0', 'WELD', NULL, 'offen', NULL, NULL, 1, 'Stk', '', NULL, NULL, NULL, NULL) ON CONFLICT (id) DO NOTHING;
INSERT INTO unterpositionen ("id", "positionId", "teilsystemId", "projektId", "name", "nummer", "status", "planStatus", "abteilung", "menge", "einheit", "material", "lieferant", "preis", "lieferfrist", "bemerkung") VALUES ('bfabd79b-e3bf-41c8-b232-6e91064fbf85', 'ff953dae-0fd8-4c3a-8fc8-f552d284a1fc', 'e40a08c7-e832-44bc-8e49-2f37d40458bd', '29ff60bc-8e31-4085-b77a-01fe273d56e0', 'WELD', NULL, 'offen', NULL, NULL, 1, 'Stk', '', NULL, NULL, NULL, NULL) ON CONFLICT (id) DO NOTHING;
INSERT INTO unterpositionen ("id", "positionId", "teilsystemId", "projektId", "name", "nummer", "status", "planStatus", "abteilung", "menge", "einheit", "material", "lieferant", "preis", "lieferfrist", "bemerkung") VALUES ('c0fc74e5-da6c-4b88-a8db-642c06675c64', '132fd0f3-03ff-4231-a5a4-7af3ce619553', 'e40a08c7-e832-44bc-8e49-2f37d40458bd', '29ff60bc-8e31-4085-b77a-01fe273d56e0', 'WELD', NULL, 'offen', NULL, NULL, 1, 'Stk', '', NULL, NULL, NULL, NULL) ON CONFLICT (id) DO NOTHING;
INSERT INTO unterpositionen ("id", "positionId", "teilsystemId", "projektId", "name", "nummer", "status", "planStatus", "abteilung", "menge", "einheit", "material", "lieferant", "preis", "lieferfrist", "bemerkung") VALUES ('c1cf973d-a4cd-4b77-b990-e9a238266f5e', 'ff00aa18-a1de-49f1-aa2e-8d56a3ee055b', 'e40a08c7-e832-44bc-8e49-2f37d40458bd', '29ff60bc-8e31-4085-b77a-01fe273d56e0', 'WELD', NULL, 'offen', NULL, NULL, 1, 'Stk', '', NULL, NULL, NULL, NULL) ON CONFLICT (id) DO NOTHING;
INSERT INTO unterpositionen ("id", "positionId", "teilsystemId", "projektId", "name", "nummer", "status", "planStatus", "abteilung", "menge", "einheit", "material", "lieferant", "preis", "lieferfrist", "bemerkung") VALUES ('c1fa12cf-213e-4166-83c9-6310c7b401cc', '4fd917e7-e975-45ca-8145-7e611e7e59f6', 'e40a08c7-e832-44bc-8e49-2f37d40458bd', '29ff60bc-8e31-4085-b77a-01fe273d56e0', 'Bauteil', NULL, 'offen', NULL, NULL, 1, 'Stk', '', NULL, NULL, NULL, NULL) ON CONFLICT (id) DO NOTHING;
INSERT INTO unterpositionen ("id", "positionId", "teilsystemId", "projektId", "name", "nummer", "status", "planStatus", "abteilung", "menge", "einheit", "material", "lieferant", "preis", "lieferfrist", "bemerkung") VALUES ('c22a1905-f177-407d-a824-e0afe892f62e', 'f8198872-6a74-4adc-8ee3-d9cfb72cf5c1', 'e40a08c7-e832-44bc-8e49-2f37d40458bd', '29ff60bc-8e31-4085-b77a-01fe273d56e0', 'WELD', NULL, 'offen', NULL, NULL, 1, 'Stk', '', NULL, NULL, NULL, NULL) ON CONFLICT (id) DO NOTHING;
INSERT INTO unterpositionen ("id", "positionId", "teilsystemId", "projektId", "name", "nummer", "status", "planStatus", "abteilung", "menge", "einheit", "material", "lieferant", "preis", "lieferfrist", "bemerkung") VALUES ('c2361e99-090c-4fa1-bdc5-01c0d716bb42', '0890d218-c840-4c34-911a-dcf994fd69c1', '6a4632ae-7b10-4510-a1b0-a86e4106d9df', '29ff60bc-8e31-4085-b77a-01fe273d56e0', 'Schraubanker', NULL, 'offen', NULL, NULL, 1, 'Stk', '', NULL, NULL, NULL, NULL) ON CONFLICT (id) DO NOTHING;
INSERT INTO unterpositionen ("id", "positionId", "teilsystemId", "projektId", "name", "nummer", "status", "planStatus", "abteilung", "menge", "einheit", "material", "lieferant", "preis", "lieferfrist", "bemerkung") VALUES ('c23af2e2-1eb3-49c4-84d4-68c8ef48cacc', 'eeb2279f-fdf4-46c4-a87d-c6afd24c9e1b', 'e40a08c7-e832-44bc-8e49-2f37d40458bd', '29ff60bc-8e31-4085-b77a-01fe273d56e0', 'WELD', NULL, 'offen', NULL, NULL, 1, 'Stk', '', NULL, NULL, NULL, NULL) ON CONFLICT (id) DO NOTHING;
INSERT INTO unterpositionen ("id", "positionId", "teilsystemId", "projektId", "name", "nummer", "status", "planStatus", "abteilung", "menge", "einheit", "material", "lieferant", "preis", "lieferfrist", "bemerkung") VALUES ('c2db4cc4-47bc-4b66-a664-ba779857bf1e', '9dd190e0-a654-40cf-9211-3a2e6f591871', 'e40a08c7-e832-44bc-8e49-2f37d40458bd', '29ff60bc-8e31-4085-b77a-01fe273d56e0', 'WELD', NULL, 'offen', NULL, NULL, 1, 'Stk', '', NULL, NULL, NULL, NULL) ON CONFLICT (id) DO NOTHING;
INSERT INTO unterpositionen ("id", "positionId", "teilsystemId", "projektId", "name", "nummer", "status", "planStatus", "abteilung", "menge", "einheit", "material", "lieferant", "preis", "lieferfrist", "bemerkung") VALUES ('c491fce1-dc4d-4bba-8977-1c76256ce41b', '6aa26cfc-8066-44fe-9fd3-54d8c719e48d', 'e40a08c7-e832-44bc-8e49-2f37d40458bd', '29ff60bc-8e31-4085-b77a-01fe273d56e0', 'WELD', NULL, 'offen', NULL, NULL, 1, 'Stk', '', NULL, NULL, NULL, NULL) ON CONFLICT (id) DO NOTHING;
INSERT INTO unterpositionen ("id", "positionId", "teilsystemId", "projektId", "name", "nummer", "status", "planStatus", "abteilung", "menge", "einheit", "material", "lieferant", "preis", "lieferfrist", "bemerkung") VALUES ('c4bc76b5-9436-44b9-9f31-f61a2021ea8e', '6aa26cfc-8066-44fe-9fd3-54d8c719e48d', 'e40a08c7-e832-44bc-8e49-2f37d40458bd', '29ff60bc-8e31-4085-b77a-01fe273d56e0', 'WELD', NULL, 'offen', NULL, NULL, 1, 'Stk', '', NULL, NULL, NULL, NULL) ON CONFLICT (id) DO NOTHING;
INSERT INTO unterpositionen ("id", "positionId", "teilsystemId", "projektId", "name", "nummer", "status", "planStatus", "abteilung", "menge", "einheit", "material", "lieferant", "preis", "lieferfrist", "bemerkung") VALUES ('c6563896-db39-4909-aea7-d39fa2fe5bb2', 'eeb2279f-fdf4-46c4-a87d-c6afd24c9e1b', 'e40a08c7-e832-44bc-8e49-2f37d40458bd', '29ff60bc-8e31-4085-b77a-01fe273d56e0', 'WELD', NULL, 'offen', NULL, NULL, 1, 'Stk', '', NULL, NULL, NULL, NULL) ON CONFLICT (id) DO NOTHING;
INSERT INTO unterpositionen ("id", "positionId", "teilsystemId", "projektId", "name", "nummer", "status", "planStatus", "abteilung", "menge", "einheit", "material", "lieferant", "preis", "lieferfrist", "bemerkung") VALUES ('c8863025-c511-49e0-b7af-4231d862df4e', '132fd0f3-03ff-4231-a5a4-7af3ce619553', 'e40a08c7-e832-44bc-8e49-2f37d40458bd', '29ff60bc-8e31-4085-b77a-01fe273d56e0', 'WELD', NULL, 'offen', NULL, NULL, 1, 'Stk', '', NULL, NULL, NULL, NULL) ON CONFLICT (id) DO NOTHING;
INSERT INTO unterpositionen ("id", "positionId", "teilsystemId", "projektId", "name", "nummer", "status", "planStatus", "abteilung", "menge", "einheit", "material", "lieferant", "preis", "lieferfrist", "bemerkung") VALUES ('ca203925-72a0-445d-ae7e-3b1f1110763b', '53ca0c75-7e40-448d-9dcb-a87ae0d8b882', '6a4632ae-7b10-4510-a1b0-a86e4106d9df', '29ff60bc-8e31-4085-b77a-01fe273d56e0', 'WELD', NULL, 'offen', NULL, NULL, 1, 'Stk', '', NULL, NULL, NULL, NULL) ON CONFLICT (id) DO NOTHING;
INSERT INTO unterpositionen ("id", "positionId", "teilsystemId", "projektId", "name", "nummer", "status", "planStatus", "abteilung", "menge", "einheit", "material", "lieferant", "preis", "lieferfrist", "bemerkung") VALUES ('caf556b5-8077-4ab8-8d66-28c920cb76e6', '0cfdb36a-2209-4592-a26d-84a8abfa14b6', 'e40a08c7-e832-44bc-8e49-2f37d40458bd', '29ff60bc-8e31-4085-b77a-01fe273d56e0', 'WELD', NULL, 'offen', NULL, NULL, 1, 'Stk', '', NULL, NULL, NULL, NULL) ON CONFLICT (id) DO NOTHING;
INSERT INTO unterpositionen ("id", "positionId", "teilsystemId", "projektId", "name", "nummer", "status", "planStatus", "abteilung", "menge", "einheit", "material", "lieferant", "preis", "lieferfrist", "bemerkung") VALUES ('cc42d399-a214-4955-9884-470ff3b87760', '0cfdb36a-2209-4592-a26d-84a8abfa14b6', 'e40a08c7-e832-44bc-8e49-2f37d40458bd', '29ff60bc-8e31-4085-b77a-01fe273d56e0', 'WELD', NULL, 'offen', NULL, NULL, 1, 'Stk', '', NULL, NULL, NULL, NULL) ON CONFLICT (id) DO NOTHING;
INSERT INTO unterpositionen ("id", "positionId", "teilsystemId", "projektId", "name", "nummer", "status", "planStatus", "abteilung", "menge", "einheit", "material", "lieferant", "preis", "lieferfrist", "bemerkung") VALUES ('ccf078ac-bc29-4216-b5f9-7e993a928378', 'ff00aa18-a1de-49f1-aa2e-8d56a3ee055b', 'e40a08c7-e832-44bc-8e49-2f37d40458bd', '29ff60bc-8e31-4085-b77a-01fe273d56e0', 'Armierung', NULL, 'offen', NULL, NULL, 6, 'Stk', '', NULL, NULL, NULL, NULL) ON CONFLICT (id) DO NOTHING;
INSERT INTO unterpositionen ("id", "positionId", "teilsystemId", "projektId", "name", "nummer", "status", "planStatus", "abteilung", "menge", "einheit", "material", "lieferant", "preis", "lieferfrist", "bemerkung") VALUES ('cdfd48bc-11c8-4579-b319-440e994e237c', 'f8198872-6a74-4adc-8ee3-d9cfb72cf5c1', 'e40a08c7-e832-44bc-8e49-2f37d40458bd', '29ff60bc-8e31-4085-b77a-01fe273d56e0', 'WELD', NULL, 'offen', NULL, NULL, 1, 'Stk', '', NULL, NULL, NULL, NULL) ON CONFLICT (id) DO NOTHING;
INSERT INTO unterpositionen ("id", "positionId", "teilsystemId", "projektId", "name", "nummer", "status", "planStatus", "abteilung", "menge", "einheit", "material", "lieferant", "preis", "lieferfrist", "bemerkung") VALUES ('ce0cecc9-55a1-4ec0-8702-692d711b406d', 'c61cac4e-f923-43e8-932f-8d16e41faf76', 'e40a08c7-e832-44bc-8e49-2f37d40458bd', '29ff60bc-8e31-4085-b77a-01fe273d56e0', 'Bauteil', NULL, 'offen', NULL, NULL, 1, 'Stk', '', NULL, NULL, NULL, NULL) ON CONFLICT (id) DO NOTHING;
INSERT INTO unterpositionen ("id", "positionId", "teilsystemId", "projektId", "name", "nummer", "status", "planStatus", "abteilung", "menge", "einheit", "material", "lieferant", "preis", "lieferfrist", "bemerkung") VALUES ('cee986fc-ba61-45a5-bc47-27b5f4ba52c8', '8e93e1af-7660-418c-87ef-d011d705f3a8', 'e40a08c7-e832-44bc-8e49-2f37d40458bd', '29ff60bc-8e31-4085-b77a-01fe273d56e0', 'WELD', NULL, 'offen', NULL, NULL, 1, 'Stk', '', NULL, NULL, NULL, NULL) ON CONFLICT (id) DO NOTHING;
INSERT INTO unterpositionen ("id", "positionId", "teilsystemId", "projektId", "name", "nummer", "status", "planStatus", "abteilung", "menge", "einheit", "material", "lieferant", "preis", "lieferfrist", "bemerkung") VALUES ('d043c520-b0ac-42ba-a216-7d3acb75c9bc', '132fd0f3-03ff-4231-a5a4-7af3ce619553', 'e40a08c7-e832-44bc-8e49-2f37d40458bd', '29ff60bc-8e31-4085-b77a-01fe273d56e0', 'WELD', NULL, 'offen', NULL, NULL, 1, 'Stk', '', NULL, NULL, NULL, NULL) ON CONFLICT (id) DO NOTHING;
INSERT INTO unterpositionen ("id", "positionId", "teilsystemId", "projektId", "name", "nummer", "status", "planStatus", "abteilung", "menge", "einheit", "material", "lieferant", "preis", "lieferfrist", "bemerkung") VALUES ('d1f850c4-a495-48f6-b469-79d26a336474', 'ff00aa18-a1de-49f1-aa2e-8d56a3ee055b', 'e40a08c7-e832-44bc-8e49-2f37d40458bd', '29ff60bc-8e31-4085-b77a-01fe273d56e0', 'Bauteil', NULL, 'offen', NULL, NULL, 1, 'Stk', '', NULL, NULL, NULL, NULL) ON CONFLICT (id) DO NOTHING;
INSERT INTO unterpositionen ("id", "positionId", "teilsystemId", "projektId", "name", "nummer", "status", "planStatus", "abteilung", "menge", "einheit", "material", "lieferant", "preis", "lieferfrist", "bemerkung") VALUES ('d287f323-cdf0-45f8-86a2-20708fdc020d', '0cfdb36a-2209-4592-a26d-84a8abfa14b6', 'e40a08c7-e832-44bc-8e49-2f37d40458bd', '29ff60bc-8e31-4085-b77a-01fe273d56e0', 'WELD', NULL, 'offen', NULL, NULL, 1, 'Stk', '', NULL, NULL, NULL, NULL) ON CONFLICT (id) DO NOTHING;
INSERT INTO unterpositionen ("id", "positionId", "teilsystemId", "projektId", "name", "nummer", "status", "planStatus", "abteilung", "menge", "einheit", "material", "lieferant", "preis", "lieferfrist", "bemerkung") VALUES ('d47aec91-d2f9-4fed-99d4-090cb590ffeb', '563321fc-ac23-4ba3-bb87-012f5eaa9ff4', '6a4632ae-7b10-4510-a1b0-a86e4106d9df', '29ff60bc-8e31-4085-b77a-01fe273d56e0', 'Fensterbauschraube', NULL, 'offen', NULL, NULL, 1, 'Stk', '', NULL, NULL, NULL, NULL) ON CONFLICT (id) DO NOTHING;
INSERT INTO unterpositionen ("id", "positionId", "teilsystemId", "projektId", "name", "nummer", "status", "planStatus", "abteilung", "menge", "einheit", "material", "lieferant", "preis", "lieferfrist", "bemerkung") VALUES ('d5b50ed6-4158-4c32-b2c5-7c9b65455466', '82f8c186-8ef2-4954-bb67-9bb4e548a2e9', 'e40a08c7-e832-44bc-8e49-2f37d40458bd', '29ff60bc-8e31-4085-b77a-01fe273d56e0', 'Bauteil', NULL, 'offen', NULL, NULL, 1, 'Stk', '', NULL, NULL, NULL, NULL) ON CONFLICT (id) DO NOTHING;
INSERT INTO unterpositionen ("id", "positionId", "teilsystemId", "projektId", "name", "nummer", "status", "planStatus", "abteilung", "menge", "einheit", "material", "lieferant", "preis", "lieferfrist", "bemerkung") VALUES ('d64959bc-5f54-4e94-a5c6-bfd4f9095ec6', 'c61cac4e-f923-43e8-932f-8d16e41faf76', 'e40a08c7-e832-44bc-8e49-2f37d40458bd', '29ff60bc-8e31-4085-b77a-01fe273d56e0', 'WELD', NULL, 'offen', NULL, NULL, 1, 'Stk', '', NULL, NULL, NULL, NULL) ON CONFLICT (id) DO NOTHING;
INSERT INTO unterpositionen ("id", "positionId", "teilsystemId", "projektId", "name", "nummer", "status", "planStatus", "abteilung", "menge", "einheit", "material", "lieferant", "preis", "lieferfrist", "bemerkung") VALUES ('d659fa6e-8ba9-4ad1-91ad-6080185bcced', '53ca0c75-7e40-448d-9dcb-a87ae0d8b882', '6a4632ae-7b10-4510-a1b0-a86e4106d9df', '29ff60bc-8e31-4085-b77a-01fe273d56e0', 'Bauteil', NULL, 'offen', NULL, NULL, 1, 'Stk', '', NULL, NULL, NULL, NULL) ON CONFLICT (id) DO NOTHING;
INSERT INTO unterpositionen ("id", "positionId", "teilsystemId", "projektId", "name", "nummer", "status", "planStatus", "abteilung", "menge", "einheit", "material", "lieferant", "preis", "lieferfrist", "bemerkung") VALUES ('d7c83985-bf3a-4d0c-9234-6c82fff6167a', '6aa26cfc-8066-44fe-9fd3-54d8c719e48d', 'e40a08c7-e832-44bc-8e49-2f37d40458bd', '29ff60bc-8e31-4085-b77a-01fe273d56e0', 'Bauteil', NULL, 'offen', NULL, NULL, 1, 'Stk', '', NULL, NULL, NULL, NULL) ON CONFLICT (id) DO NOTHING;
INSERT INTO unterpositionen ("id", "positionId", "teilsystemId", "projektId", "name", "nummer", "status", "planStatus", "abteilung", "menge", "einheit", "material", "lieferant", "preis", "lieferfrist", "bemerkung") VALUES ('d8444856-6acb-4256-80bd-95c8a22a1477', '132fd0f3-03ff-4231-a5a4-7af3ce619553', 'e40a08c7-e832-44bc-8e49-2f37d40458bd', '29ff60bc-8e31-4085-b77a-01fe273d56e0', 'WELD', NULL, 'offen', NULL, NULL, 1, 'Stk', '', NULL, NULL, NULL, NULL) ON CONFLICT (id) DO NOTHING;
INSERT INTO unterpositionen ("id", "positionId", "teilsystemId", "projektId", "name", "nummer", "status", "planStatus", "abteilung", "menge", "einheit", "material", "lieferant", "preis", "lieferfrist", "bemerkung") VALUES ('d8e57988-990f-4180-8a2c-d4c5ae00d7a3', 'caf26297-08d7-44cf-a84a-405221d243a3', 'e40a08c7-e832-44bc-8e49-2f37d40458bd', '29ff60bc-8e31-4085-b77a-01fe273d56e0', 'WELD', NULL, 'offen', NULL, NULL, 1, 'Stk', '', NULL, NULL, NULL, NULL) ON CONFLICT (id) DO NOTHING;
INSERT INTO unterpositionen ("id", "positionId", "teilsystemId", "projektId", "name", "nummer", "status", "planStatus", "abteilung", "menge", "einheit", "material", "lieferant", "preis", "lieferfrist", "bemerkung") VALUES ('daa3a07f-c888-4a13-8db1-eb1bf87a53c3', '6aa26cfc-8066-44fe-9fd3-54d8c719e48d', 'e40a08c7-e832-44bc-8e49-2f37d40458bd', '29ff60bc-8e31-4085-b77a-01fe273d56e0', 'WELD', NULL, 'offen', NULL, NULL, 1, 'Stk', '', NULL, NULL, NULL, NULL) ON CONFLICT (id) DO NOTHING;
INSERT INTO unterpositionen ("id", "positionId", "teilsystemId", "projektId", "name", "nummer", "status", "planStatus", "abteilung", "menge", "einheit", "material", "lieferant", "preis", "lieferfrist", "bemerkung") VALUES ('dbf6da2d-be4f-455e-9846-9d003fb48e05', 'eeb2279f-fdf4-46c4-a87d-c6afd24c9e1b', 'e40a08c7-e832-44bc-8e49-2f37d40458bd', '29ff60bc-8e31-4085-b77a-01fe273d56e0', 'Armierung', NULL, 'offen', NULL, NULL, 6, 'Stk', '', NULL, NULL, NULL, NULL) ON CONFLICT (id) DO NOTHING;
INSERT INTO unterpositionen ("id", "positionId", "teilsystemId", "projektId", "name", "nummer", "status", "planStatus", "abteilung", "menge", "einheit", "material", "lieferant", "preis", "lieferfrist", "bemerkung") VALUES ('dcae0270-4331-4d3c-b59c-debf916db422', 'ff953dae-0fd8-4c3a-8fc8-f552d284a1fc', 'e40a08c7-e832-44bc-8e49-2f37d40458bd', '29ff60bc-8e31-4085-b77a-01fe273d56e0', 'WELD', NULL, 'offen', NULL, NULL, 1, 'Stk', '', NULL, NULL, NULL, NULL) ON CONFLICT (id) DO NOTHING;
INSERT INTO unterpositionen ("id", "positionId", "teilsystemId", "projektId", "name", "nummer", "status", "planStatus", "abteilung", "menge", "einheit", "material", "lieferant", "preis", "lieferfrist", "bemerkung") VALUES ('dd10c584-a506-431b-98e1-066d246deae4', '0cfdb36a-2209-4592-a26d-84a8abfa14b6', 'e40a08c7-e832-44bc-8e49-2f37d40458bd', '29ff60bc-8e31-4085-b77a-01fe273d56e0', 'WELD', NULL, 'offen', NULL, NULL, 1, 'Stk', '', NULL, NULL, NULL, NULL) ON CONFLICT (id) DO NOTHING;
INSERT INTO unterpositionen ("id", "positionId", "teilsystemId", "projektId", "name", "nummer", "status", "planStatus", "abteilung", "menge", "einheit", "material", "lieferant", "preis", "lieferfrist", "bemerkung") VALUES ('de0de20f-080c-472d-a6c6-00ab436c1894', '9dd190e0-a654-40cf-9211-3a2e6f591871', 'e40a08c7-e832-44bc-8e49-2f37d40458bd', '29ff60bc-8e31-4085-b77a-01fe273d56e0', 'WELD', NULL, 'offen', NULL, NULL, 1, 'Stk', '', NULL, NULL, NULL, NULL) ON CONFLICT (id) DO NOTHING;
INSERT INTO unterpositionen ("id", "positionId", "teilsystemId", "projektId", "name", "nummer", "status", "planStatus", "abteilung", "menge", "einheit", "material", "lieferant", "preis", "lieferfrist", "bemerkung") VALUES ('de3c52fc-4076-4a26-aec6-e1c9efca1312', '8e93e1af-7660-418c-87ef-d011d705f3a8', 'e40a08c7-e832-44bc-8e49-2f37d40458bd', '29ff60bc-8e31-4085-b77a-01fe273d56e0', 'WELD', NULL, 'offen', NULL, NULL, 1, 'Stk', '', NULL, NULL, NULL, NULL) ON CONFLICT (id) DO NOTHING;
INSERT INTO unterpositionen ("id", "positionId", "teilsystemId", "projektId", "name", "nummer", "status", "planStatus", "abteilung", "menge", "einheit", "material", "lieferant", "preis", "lieferfrist", "bemerkung") VALUES ('df1e2f9e-305e-4c1a-9c04-73969faa7a32', '82f8c186-8ef2-4954-bb67-9bb4e548a2e9', 'e40a08c7-e832-44bc-8e49-2f37d40458bd', '29ff60bc-8e31-4085-b77a-01fe273d56e0', 'WELD', NULL, 'offen', NULL, NULL, 1, 'Stk', '', NULL, NULL, NULL, NULL) ON CONFLICT (id) DO NOTHING;
INSERT INTO unterpositionen ("id", "positionId", "teilsystemId", "projektId", "name", "nummer", "status", "planStatus", "abteilung", "menge", "einheit", "material", "lieferant", "preis", "lieferfrist", "bemerkung") VALUES ('dfc33147-16ee-43c6-a37f-b3097f666e6c', 'f8198872-6a74-4adc-8ee3-d9cfb72cf5c1', 'e40a08c7-e832-44bc-8e49-2f37d40458bd', '29ff60bc-8e31-4085-b77a-01fe273d56e0', 'Bauteil', NULL, 'offen', NULL, NULL, 1, 'Stk', '', NULL, NULL, NULL, NULL) ON CONFLICT (id) DO NOTHING;
INSERT INTO unterpositionen ("id", "positionId", "teilsystemId", "projektId", "name", "nummer", "status", "planStatus", "abteilung", "menge", "einheit", "material", "lieferant", "preis", "lieferfrist", "bemerkung") VALUES ('e0c2fb4d-a6e0-46f7-af49-b2b22c4585f8', 'c61cac4e-f923-43e8-932f-8d16e41faf76', 'e40a08c7-e832-44bc-8e49-2f37d40458bd', '29ff60bc-8e31-4085-b77a-01fe273d56e0', 'Abkantblech', NULL, 'offen', NULL, NULL, 6, 'Stk', '', NULL, NULL, NULL, NULL) ON CONFLICT (id) DO NOTHING;
INSERT INTO unterpositionen ("id", "positionId", "teilsystemId", "projektId", "name", "nummer", "status", "planStatus", "abteilung", "menge", "einheit", "material", "lieferant", "preis", "lieferfrist", "bemerkung") VALUES ('e0ff2bfc-60a5-468c-9656-634c7c70eea7', 'caf26297-08d7-44cf-a84a-405221d243a3', 'e40a08c7-e832-44bc-8e49-2f37d40458bd', '29ff60bc-8e31-4085-b77a-01fe273d56e0', 'WELD', NULL, 'offen', NULL, NULL, 1, 'Stk', '', NULL, NULL, NULL, NULL) ON CONFLICT (id) DO NOTHING;
INSERT INTO unterpositionen ("id", "positionId", "teilsystemId", "projektId", "name", "nummer", "status", "planStatus", "abteilung", "menge", "einheit", "material", "lieferant", "preis", "lieferfrist", "bemerkung") VALUES ('e1206ee5-b035-4dbd-a755-79aed14e156a', '6aa26cfc-8066-44fe-9fd3-54d8c719e48d', 'e40a08c7-e832-44bc-8e49-2f37d40458bd', '29ff60bc-8e31-4085-b77a-01fe273d56e0', 'WELD', NULL, 'offen', NULL, NULL, 1, 'Stk', '', NULL, NULL, NULL, NULL) ON CONFLICT (id) DO NOTHING;
INSERT INTO unterpositionen ("id", "positionId", "teilsystemId", "projektId", "name", "nummer", "status", "planStatus", "abteilung", "menge", "einheit", "material", "lieferant", "preis", "lieferfrist", "bemerkung") VALUES ('e2b26238-b68b-4ec1-a024-a2f0c0e7b389', '82f8c186-8ef2-4954-bb67-9bb4e548a2e9', 'e40a08c7-e832-44bc-8e49-2f37d40458bd', '29ff60bc-8e31-4085-b77a-01fe273d56e0', 'WELD', NULL, 'offen', NULL, NULL, 1, 'Stk', '', NULL, NULL, NULL, NULL) ON CONFLICT (id) DO NOTHING;
INSERT INTO unterpositionen ("id", "positionId", "teilsystemId", "projektId", "name", "nummer", "status", "planStatus", "abteilung", "menge", "einheit", "material", "lieferant", "preis", "lieferfrist", "bemerkung") VALUES ('e2c40b75-ca93-42e9-8793-3ce353cbc6ec', '6aa26cfc-8066-44fe-9fd3-54d8c719e48d', 'e40a08c7-e832-44bc-8e49-2f37d40458bd', '29ff60bc-8e31-4085-b77a-01fe273d56e0', 'WELD', NULL, 'offen', NULL, NULL, 1, 'Stk', '', NULL, NULL, NULL, NULL) ON CONFLICT (id) DO NOTHING;
INSERT INTO unterpositionen ("id", "positionId", "teilsystemId", "projektId", "name", "nummer", "status", "planStatus", "abteilung", "menge", "einheit", "material", "lieferant", "preis", "lieferfrist", "bemerkung") VALUES ('e48dbba7-d41c-4765-b5e6-a9f466a26fc5', '132fd0f3-03ff-4231-a5a4-7af3ce619553', 'e40a08c7-e832-44bc-8e49-2f37d40458bd', '29ff60bc-8e31-4085-b77a-01fe273d56e0', 'WELD', NULL, 'offen', NULL, NULL, 1, 'Stk', '', NULL, NULL, NULL, NULL) ON CONFLICT (id) DO NOTHING;
INSERT INTO unterpositionen ("id", "positionId", "teilsystemId", "projektId", "name", "nummer", "status", "planStatus", "abteilung", "menge", "einheit", "material", "lieferant", "preis", "lieferfrist", "bemerkung") VALUES ('e526ee38-e21f-4960-8ff0-6b310f2b4cef', '8e93e1af-7660-418c-87ef-d011d705f3a8', 'e40a08c7-e832-44bc-8e49-2f37d40458bd', '29ff60bc-8e31-4085-b77a-01fe273d56e0', 'WELD', NULL, 'offen', NULL, NULL, 1, 'Stk', '', NULL, NULL, NULL, NULL) ON CONFLICT (id) DO NOTHING;
INSERT INTO unterpositionen ("id", "positionId", "teilsystemId", "projektId", "name", "nummer", "status", "planStatus", "abteilung", "menge", "einheit", "material", "lieferant", "preis", "lieferfrist", "bemerkung") VALUES ('e591d06c-28d1-49cc-92a7-8d7aad8bd6e7', '53ca0c75-7e40-448d-9dcb-a87ae0d8b882', '6a4632ae-7b10-4510-a1b0-a86e4106d9df', '29ff60bc-8e31-4085-b77a-01fe273d56e0', 'WELD', NULL, 'offen', NULL, NULL, 1, 'Stk', '', NULL, NULL, NULL, NULL) ON CONFLICT (id) DO NOTHING;
INSERT INTO unterpositionen ("id", "positionId", "teilsystemId", "projektId", "name", "nummer", "status", "planStatus", "abteilung", "menge", "einheit", "material", "lieferant", "preis", "lieferfrist", "bemerkung") VALUES ('e7c19378-d323-425a-b0b6-fd533ec89bd1', '132fd0f3-03ff-4231-a5a4-7af3ce619553', 'e40a08c7-e832-44bc-8e49-2f37d40458bd', '29ff60bc-8e31-4085-b77a-01fe273d56e0', 'WELD', NULL, 'offen', NULL, NULL, 1, 'Stk', '', NULL, NULL, NULL, NULL) ON CONFLICT (id) DO NOTHING;
INSERT INTO unterpositionen ("id", "positionId", "teilsystemId", "projektId", "name", "nummer", "status", "planStatus", "abteilung", "menge", "einheit", "material", "lieferant", "preis", "lieferfrist", "bemerkung") VALUES ('e81f31bd-032d-4d49-862f-26f64b99a142', '53ca0c75-7e40-448d-9dcb-a87ae0d8b882', '6a4632ae-7b10-4510-a1b0-a86e4106d9df', '29ff60bc-8e31-4085-b77a-01fe273d56e0', 'Bauteil', NULL, 'offen', NULL, NULL, 1, 'Stk', '', NULL, NULL, NULL, NULL) ON CONFLICT (id) DO NOTHING;
INSERT INTO unterpositionen ("id", "positionId", "teilsystemId", "projektId", "name", "nummer", "status", "planStatus", "abteilung", "menge", "einheit", "material", "lieferant", "preis", "lieferfrist", "bemerkung") VALUES ('e9e1d84f-5e2f-49ed-9911-7a6ede9f0fa1', '8e93e1af-7660-418c-87ef-d011d705f3a8', 'e40a08c7-e832-44bc-8e49-2f37d40458bd', '29ff60bc-8e31-4085-b77a-01fe273d56e0', 'WELD', NULL, 'offen', NULL, NULL, 1, 'Stk', '', NULL, NULL, NULL, NULL) ON CONFLICT (id) DO NOTHING;
INSERT INTO unterpositionen ("id", "positionId", "teilsystemId", "projektId", "name", "nummer", "status", "planStatus", "abteilung", "menge", "einheit", "material", "lieferant", "preis", "lieferfrist", "bemerkung") VALUES ('ea935d70-b777-4b15-8d80-570152f48840', 'f8198872-6a74-4adc-8ee3-d9cfb72cf5c1', 'e40a08c7-e832-44bc-8e49-2f37d40458bd', '29ff60bc-8e31-4085-b77a-01fe273d56e0', 'WELD', NULL, 'offen', NULL, NULL, 1, 'Stk', '', NULL, NULL, NULL, NULL) ON CONFLICT (id) DO NOTHING;
INSERT INTO unterpositionen ("id", "positionId", "teilsystemId", "projektId", "name", "nummer", "status", "planStatus", "abteilung", "menge", "einheit", "material", "lieferant", "preis", "lieferfrist", "bemerkung") VALUES ('ead5dea6-1fe6-4bae-a429-6c1bd3658a6a', 'c61cac4e-f923-43e8-932f-8d16e41faf76', 'e40a08c7-e832-44bc-8e49-2f37d40458bd', '29ff60bc-8e31-4085-b77a-01fe273d56e0', 'WELD', NULL, 'offen', NULL, NULL, 1, 'Stk', '', NULL, NULL, NULL, NULL) ON CONFLICT (id) DO NOTHING;
INSERT INTO unterpositionen ("id", "positionId", "teilsystemId", "projektId", "name", "nummer", "status", "planStatus", "abteilung", "menge", "einheit", "material", "lieferant", "preis", "lieferfrist", "bemerkung") VALUES ('eb60fead-cd5f-4ade-9186-3d2dd97bf8d3', '6aa26cfc-8066-44fe-9fd3-54d8c719e48d', 'e40a08c7-e832-44bc-8e49-2f37d40458bd', '29ff60bc-8e31-4085-b77a-01fe273d56e0', 'WELD', NULL, 'offen', NULL, NULL, 1, 'Stk', '', NULL, NULL, NULL, NULL) ON CONFLICT (id) DO NOTHING;
INSERT INTO unterpositionen ("id", "positionId", "teilsystemId", "projektId", "name", "nummer", "status", "planStatus", "abteilung", "menge", "einheit", "material", "lieferant", "preis", "lieferfrist", "bemerkung") VALUES ('eba8af1d-9a56-41a5-a62e-7e7659ac2ebc', '8e93e1af-7660-418c-87ef-d011d705f3a8', 'e40a08c7-e832-44bc-8e49-2f37d40458bd', '29ff60bc-8e31-4085-b77a-01fe273d56e0', 'WELD', NULL, 'offen', NULL, NULL, 1, 'Stk', '', NULL, NULL, NULL, NULL) ON CONFLICT (id) DO NOTHING;
INSERT INTO unterpositionen ("id", "positionId", "teilsystemId", "projektId", "name", "nummer", "status", "planStatus", "abteilung", "menge", "einheit", "material", "lieferant", "preis", "lieferfrist", "bemerkung") VALUES ('ec3faa1d-32b5-45a6-903f-f10cdaf62439', '132fd0f3-03ff-4231-a5a4-7af3ce619553', 'e40a08c7-e832-44bc-8e49-2f37d40458bd', '29ff60bc-8e31-4085-b77a-01fe273d56e0', 'WELD', NULL, 'offen', NULL, NULL, 1, 'Stk', '', NULL, NULL, NULL, NULL) ON CONFLICT (id) DO NOTHING;
INSERT INTO unterpositionen ("id", "positionId", "teilsystemId", "projektId", "name", "nummer", "status", "planStatus", "abteilung", "menge", "einheit", "material", "lieferant", "preis", "lieferfrist", "bemerkung") VALUES ('ec6b8be5-c9b4-4344-947d-99c3c03da725', '132fd0f3-03ff-4231-a5a4-7af3ce619553', 'e40a08c7-e832-44bc-8e49-2f37d40458bd', '29ff60bc-8e31-4085-b77a-01fe273d56e0', 'WELD', NULL, 'offen', NULL, NULL, 1, 'Stk', '', NULL, NULL, NULL, NULL) ON CONFLICT (id) DO NOTHING;
INSERT INTO unterpositionen ("id", "positionId", "teilsystemId", "projektId", "name", "nummer", "status", "planStatus", "abteilung", "menge", "einheit", "material", "lieferant", "preis", "lieferfrist", "bemerkung") VALUES ('ec725946-c191-4d17-86c9-0248ba803c1f', '8e93e1af-7660-418c-87ef-d011d705f3a8', 'e40a08c7-e832-44bc-8e49-2f37d40458bd', '29ff60bc-8e31-4085-b77a-01fe273d56e0', 'WELD', NULL, 'offen', NULL, NULL, 1, 'Stk', '', NULL, NULL, NULL, NULL) ON CONFLICT (id) DO NOTHING;
INSERT INTO unterpositionen ("id", "positionId", "teilsystemId", "projektId", "name", "nummer", "status", "planStatus", "abteilung", "menge", "einheit", "material", "lieferant", "preis", "lieferfrist", "bemerkung") VALUES ('ed346088-5135-4392-a259-618bd127dcdd', '53ca0c75-7e40-448d-9dcb-a87ae0d8b882', '6a4632ae-7b10-4510-a1b0-a86e4106d9df', '29ff60bc-8e31-4085-b77a-01fe273d56e0', 'WELD', NULL, 'offen', NULL, NULL, 1, 'Stk', '', NULL, NULL, NULL, NULL) ON CONFLICT (id) DO NOTHING;
INSERT INTO unterpositionen ("id", "positionId", "teilsystemId", "projektId", "name", "nummer", "status", "planStatus", "abteilung", "menge", "einheit", "material", "lieferant", "preis", "lieferfrist", "bemerkung") VALUES ('f0de8357-7cf3-4002-94de-583d6cbcbe47', '0cfdb36a-2209-4592-a26d-84a8abfa14b6', 'e40a08c7-e832-44bc-8e49-2f37d40458bd', '29ff60bc-8e31-4085-b77a-01fe273d56e0', 'WELD', NULL, 'offen', NULL, NULL, 1, 'Stk', '', NULL, NULL, NULL, NULL) ON CONFLICT (id) DO NOTHING;
INSERT INTO unterpositionen ("id", "positionId", "teilsystemId", "projektId", "name", "nummer", "status", "planStatus", "abteilung", "menge", "einheit", "material", "lieferant", "preis", "lieferfrist", "bemerkung") VALUES ('f12eaa69-ed78-465e-bfa5-1fa1153d088d', '53ca0c75-7e40-448d-9dcb-a87ae0d8b882', '6a4632ae-7b10-4510-a1b0-a86e4106d9df', '29ff60bc-8e31-4085-b77a-01fe273d56e0', 'WELD', NULL, 'offen', NULL, NULL, 1, 'Stk', '', NULL, NULL, NULL, NULL) ON CONFLICT (id) DO NOTHING;
INSERT INTO unterpositionen ("id", "positionId", "teilsystemId", "projektId", "name", "nummer", "status", "planStatus", "abteilung", "menge", "einheit", "material", "lieferant", "preis", "lieferfrist", "bemerkung") VALUES ('f222ac2a-95b2-404c-a696-884e0adfcc57', 'eeb2279f-fdf4-46c4-a87d-c6afd24c9e1b', 'e40a08c7-e832-44bc-8e49-2f37d40458bd', '29ff60bc-8e31-4085-b77a-01fe273d56e0', 'WELD', NULL, 'offen', NULL, NULL, 1, 'Stk', '', NULL, NULL, NULL, NULL) ON CONFLICT (id) DO NOTHING;
INSERT INTO unterpositionen ("id", "positionId", "teilsystemId", "projektId", "name", "nummer", "status", "planStatus", "abteilung", "menge", "einheit", "material", "lieferant", "preis", "lieferfrist", "bemerkung") VALUES ('f301066e-a5c8-4961-af6f-108fe3c9c7a8', '6aa26cfc-8066-44fe-9fd3-54d8c719e48d', 'e40a08c7-e832-44bc-8e49-2f37d40458bd', '29ff60bc-8e31-4085-b77a-01fe273d56e0', 'Bauteil', NULL, 'offen', NULL, NULL, 1, 'Stk', '', NULL, NULL, NULL, NULL) ON CONFLICT (id) DO NOTHING;
INSERT INTO unterpositionen ("id", "positionId", "teilsystemId", "projektId", "name", "nummer", "status", "planStatus", "abteilung", "menge", "einheit", "material", "lieferant", "preis", "lieferfrist", "bemerkung") VALUES ('f520df3c-ef18-4c54-9d85-69281503e7da', '3e8ca642-3771-4838-932e-8f28128a5f96', 'e40a08c7-e832-44bc-8e49-2f37d40458bd', '29ff60bc-8e31-4085-b77a-01fe273d56e0', 'WELD', NULL, 'offen', NULL, NULL, 1, 'Stk', '', NULL, NULL, NULL, NULL) ON CONFLICT (id) DO NOTHING;
INSERT INTO unterpositionen ("id", "positionId", "teilsystemId", "projektId", "name", "nummer", "status", "planStatus", "abteilung", "menge", "einheit", "material", "lieferant", "preis", "lieferfrist", "bemerkung") VALUES ('f52b69fa-67f4-4984-b0df-350fea5fb168', '9dd190e0-a654-40cf-9211-3a2e6f591871', 'e40a08c7-e832-44bc-8e49-2f37d40458bd', '29ff60bc-8e31-4085-b77a-01fe273d56e0', 'Armierung', NULL, 'offen', NULL, NULL, 6, 'Stk', '', NULL, NULL, NULL, NULL) ON CONFLICT (id) DO NOTHING;
INSERT INTO unterpositionen ("id", "positionId", "teilsystemId", "projektId", "name", "nummer", "status", "planStatus", "abteilung", "menge", "einheit", "material", "lieferant", "preis", "lieferfrist", "bemerkung") VALUES ('f541cd8a-eee8-411a-8267-526c86c438c0', '9dd190e0-a654-40cf-9211-3a2e6f591871', 'e40a08c7-e832-44bc-8e49-2f37d40458bd', '29ff60bc-8e31-4085-b77a-01fe273d56e0', 'WELD', NULL, 'offen', NULL, NULL, 1, 'Stk', '', NULL, NULL, NULL, NULL) ON CONFLICT (id) DO NOTHING;
INSERT INTO unterpositionen ("id", "positionId", "teilsystemId", "projektId", "name", "nummer", "status", "planStatus", "abteilung", "menge", "einheit", "material", "lieferant", "preis", "lieferfrist", "bemerkung") VALUES ('f54d0a12-9048-4e2e-a839-ebcc02fa7320', 'c61cac4e-f923-43e8-932f-8d16e41faf76', 'e40a08c7-e832-44bc-8e49-2f37d40458bd', '29ff60bc-8e31-4085-b77a-01fe273d56e0', 'WELD', NULL, 'offen', NULL, NULL, 1, 'Stk', '', NULL, NULL, NULL, NULL) ON CONFLICT (id) DO NOTHING;
INSERT INTO unterpositionen ("id", "positionId", "teilsystemId", "projektId", "name", "nummer", "status", "planStatus", "abteilung", "menge", "einheit", "material", "lieferant", "preis", "lieferfrist", "bemerkung") VALUES ('f60f1b4b-6cfb-4fbc-805e-9ce2264b025c', '4fd917e7-e975-45ca-8145-7e611e7e59f6', 'e40a08c7-e832-44bc-8e49-2f37d40458bd', '29ff60bc-8e31-4085-b77a-01fe273d56e0', 'WELD', NULL, 'offen', NULL, NULL, 1, 'Stk', '', NULL, NULL, NULL, NULL) ON CONFLICT (id) DO NOTHING;
INSERT INTO unterpositionen ("id", "positionId", "teilsystemId", "projektId", "name", "nummer", "status", "planStatus", "abteilung", "menge", "einheit", "material", "lieferant", "preis", "lieferfrist", "bemerkung") VALUES ('f61ea1a3-3420-4d90-a5bc-33fa55bbb0ef', '7b2d0eeb-669e-4dd1-904a-552750fdd29b', '6a4632ae-7b10-4510-a1b0-a86e4106d9df', '29ff60bc-8e31-4085-b77a-01fe273d56e0', 'Schallager', NULL, 'offen', NULL, NULL, 1, 'Stk', '', NULL, NULL, NULL, NULL) ON CONFLICT (id) DO NOTHING;
INSERT INTO unterpositionen ("id", "positionId", "teilsystemId", "projektId", "name", "nummer", "status", "planStatus", "abteilung", "menge", "einheit", "material", "lieferant", "preis", "lieferfrist", "bemerkung") VALUES ('fb454050-bad6-476d-b606-e7ac77d59fcc', '8e93e1af-7660-418c-87ef-d011d705f3a8', 'e40a08c7-e832-44bc-8e49-2f37d40458bd', '29ff60bc-8e31-4085-b77a-01fe273d56e0', 'WELD', NULL, 'offen', NULL, NULL, 1, 'Stk', '', NULL, NULL, NULL, NULL) ON CONFLICT (id) DO NOTHING;
INSERT INTO unterpositionen ("id", "positionId", "teilsystemId", "projektId", "name", "nummer", "status", "planStatus", "abteilung", "menge", "einheit", "material", "lieferant", "preis", "lieferfrist", "bemerkung") VALUES ('fb5ac4ab-63b9-4af7-98eb-3d5967d3f8b1', 'e15af0e9-d9fc-4a25-8919-b907116f1ffd', '6a4632ae-7b10-4510-a1b0-a86e4106d9df', '29ff60bc-8e31-4085-b77a-01fe273d56e0', 'Fensterbauschraube', NULL, 'offen', NULL, NULL, 1, 'Stk', '', NULL, NULL, NULL, NULL) ON CONFLICT (id) DO NOTHING;
INSERT INTO unterpositionen ("id", "positionId", "teilsystemId", "projektId", "name", "nummer", "status", "planStatus", "abteilung", "menge", "einheit", "material", "lieferant", "preis", "lieferfrist", "bemerkung") VALUES ('fb765b27-c807-4a49-aaa2-028097368fb8', '4fd917e7-e975-45ca-8145-7e611e7e59f6', 'e40a08c7-e832-44bc-8e49-2f37d40458bd', '29ff60bc-8e31-4085-b77a-01fe273d56e0', 'WELD', NULL, 'offen', NULL, NULL, 1, 'Stk', '', NULL, NULL, NULL, NULL) ON CONFLICT (id) DO NOTHING;
INSERT INTO unterpositionen ("id", "positionId", "teilsystemId", "projektId", "name", "nummer", "status", "planStatus", "abteilung", "menge", "einheit", "material", "lieferant", "preis", "lieferfrist", "bemerkung") VALUES ('fba196eb-f60c-4384-a335-4d8e79c2cb94', 'eeb2279f-fdf4-46c4-a87d-c6afd24c9e1b', 'e40a08c7-e832-44bc-8e49-2f37d40458bd', '29ff60bc-8e31-4085-b77a-01fe273d56e0', 'WELD', NULL, 'offen', NULL, NULL, 1, 'Stk', '', NULL, NULL, NULL, NULL) ON CONFLICT (id) DO NOTHING;
INSERT INTO unterpositionen ("id", "positionId", "teilsystemId", "projektId", "name", "nummer", "status", "planStatus", "abteilung", "menge", "einheit", "material", "lieferant", "preis", "lieferfrist", "bemerkung") VALUES ('fc358902-711b-4697-b04e-aaa31c95e302', 'ff00aa18-a1de-49f1-aa2e-8d56a3ee055b', 'e40a08c7-e832-44bc-8e49-2f37d40458bd', '29ff60bc-8e31-4085-b77a-01fe273d56e0', 'WELD', NULL, 'offen', NULL, NULL, 1, 'Stk', '', NULL, NULL, NULL, NULL) ON CONFLICT (id) DO NOTHING;
INSERT INTO unterpositionen ("id", "positionId", "teilsystemId", "projektId", "name", "nummer", "status", "planStatus", "abteilung", "menge", "einheit", "material", "lieferant", "preis", "lieferfrist", "bemerkung") VALUES ('fc881db3-2b92-4ad1-9dfa-d0200af3fdfd', '8e93e1af-7660-418c-87ef-d011d705f3a8', 'e40a08c7-e832-44bc-8e49-2f37d40458bd', '29ff60bc-8e31-4085-b77a-01fe273d56e0', 'WELD', NULL, 'offen', NULL, NULL, 1, 'Stk', '', NULL, NULL, NULL, NULL) ON CONFLICT (id) DO NOTHING;
INSERT INTO unterpositionen ("id", "positionId", "teilsystemId", "projektId", "name", "nummer", "status", "planStatus", "abteilung", "menge", "einheit", "material", "lieferant", "preis", "lieferfrist", "bemerkung") VALUES ('fd02bd00-9c82-4f53-85f8-c288c238e06d', '53ca0c75-7e40-448d-9dcb-a87ae0d8b882', '6a4632ae-7b10-4510-a1b0-a86e4106d9df', '29ff60bc-8e31-4085-b77a-01fe273d56e0', 'Bauteil', NULL, 'offen', NULL, NULL, 1, 'Stk', '', NULL, NULL, NULL, NULL) ON CONFLICT (id) DO NOTHING;
INSERT INTO unterpositionen ("id", "positionId", "teilsystemId", "projektId", "name", "nummer", "status", "planStatus", "abteilung", "menge", "einheit", "material", "lieferant", "preis", "lieferfrist", "bemerkung") VALUES ('fe3a0fd1-dcd5-480e-8dbe-4ba15e0f5d4f', '53ca0c75-7e40-448d-9dcb-a87ae0d8b882', '6a4632ae-7b10-4510-a1b0-a86e4106d9df', '29ff60bc-8e31-4085-b77a-01fe273d56e0', 'WELD', NULL, 'offen', NULL, NULL, 1, 'Stk', '', NULL, NULL, NULL, NULL) ON CONFLICT (id) DO NOTHING;
INSERT INTO unterpositionen ("id", "positionId", "teilsystemId", "projektId", "name", "nummer", "status", "planStatus", "abteilung", "menge", "einheit", "material", "lieferant", "preis", "lieferfrist", "bemerkung") VALUES ('fec3d850-07e9-449c-8c92-1dfdfb13c226', '82f8c186-8ef2-4954-bb67-9bb4e548a2e9', 'e40a08c7-e832-44bc-8e49-2f37d40458bd', '29ff60bc-8e31-4085-b77a-01fe273d56e0', 'Bauteil', NULL, 'offen', NULL, NULL, 1, 'Stk', '', NULL, NULL, NULL, NULL) ON CONFLICT (id) DO NOTHING;
INSERT INTO unterpositionen ("id", "positionId", "teilsystemId", "projektId", "name", "nummer", "status", "planStatus", "abteilung", "menge", "einheit", "material", "lieferant", "preis", "lieferfrist", "bemerkung") VALUES ('fefe8e68-ca2f-4b9d-a6e6-0237240fe2a3', 'c61cac4e-f923-43e8-932f-8d16e41faf76', 'e40a08c7-e832-44bc-8e49-2f37d40458bd', '29ff60bc-8e31-4085-b77a-01fe273d56e0', 'WELD', NULL, 'offen', NULL, NULL, 1, 'Stk', '', NULL, NULL, NULL, NULL) ON CONFLICT (id) DO NOTHING;
INSERT INTO unterpositionen ("id", "positionId", "teilsystemId", "projektId", "name", "nummer", "status", "planStatus", "abteilung", "menge", "einheit", "material", "lieferant", "preis", "lieferfrist", "bemerkung") VALUES ('ffeb5265-0a3e-449d-b9e2-9d3a018416cb', '53ca0c75-7e40-448d-9dcb-a87ae0d8b882', '6a4632ae-7b10-4510-a1b0-a86e4106d9df', '29ff60bc-8e31-4085-b77a-01fe273d56e0', 'Bauteil', NULL, 'offen', NULL, NULL, 1, 'Stk', '', NULL, NULL, NULL, NULL) ON CONFLICT (id) DO NOTHING;

-- MITARBEITER (124 rows)
INSERT INTO mitarbeiter ("id", "vorname", "nachname", "email", "telefon", "rolle", "abteilung", "aktiv", "isGlobal", "projektId") VALUES ('04b60bae-aabf-4408-98ca-b67e4f63d48e', 'Thomas', 'Schaller', 't.schaller@methabau.ch', NULL, 'Bauleiter', 'METHABAU', NULL, NULL, NULL) ON CONFLICT (id) DO NOTHING;
INSERT INTO mitarbeiter ("id", "vorname", "nachname", "email", "telefon", "rolle", "abteilung", "aktiv", "isGlobal", "projektId") VALUES ('052c88a1-3a9c-40c5-868e-5b44851ace30', 'Stefanie', 'Bula', 's.bula@methabau.ch', NULL, 'Fachverantwortliche Projektentwicklung / Bewilligungsverfahren', 'METHABAU', NULL, NULL, NULL) ON CONFLICT (id) DO NOTHING;
INSERT INTO mitarbeiter ("id", "vorname", "nachname", "email", "telefon", "rolle", "abteilung", "aktiv", "isGlobal", "projektId") VALUES ('0556eeeb-77a0-4c55-9258-45fed0cc814d', 'Sara', 'Keller', 's.keller@methabau.ch', NULL, 'Assistentin Projektleitung', 'METHABAU', NULL, NULL, NULL) ON CONFLICT (id) DO NOTHING;
INSERT INTO mitarbeiter ("id", "vorname", "nachname", "email", "telefon", "rolle", "abteilung", "aktiv", "isGlobal", "projektId") VALUES ('0568ea22-4bcd-4d18-a6fd-10d03d53f99a', 'Jakub', 'Manis', 'j.manis@methabau.ch', NULL, 'Projektleiter Wohn-/Gewerbebau', 'METHABAU', NULL, NULL, NULL) ON CONFLICT (id) DO NOTHING;
INSERT INTO mitarbeiter ("id", "vorname", "nachname", "email", "telefon", "rolle", "abteilung", "aktiv", "isGlobal", "projektId") VALUES ('069ee061-ba9c-46c0-9d5f-6160f5595680', 'Mirjam', 'Duenner', 'm.duenner@methabau.ch', NULL, 'Administrative Leiterin S&K Bau/Immo', 'METHABAU', NULL, NULL, NULL) ON CONFLICT (id) DO NOTHING;
INSERT INTO mitarbeiter ("id", "vorname", "nachname", "email", "telefon", "rolle", "abteilung", "aktiv", "isGlobal", "projektId") VALUES ('0926fc7c-d97e-4855-820b-13f0f561c491', 'Gerda', 'Buergi', 'g.buergi@methabau.ch', NULL, 'Leiterin Immobilienverwaltung', 'METHABAU', NULL, NULL, NULL) ON CONFLICT (id) DO NOTHING;
INSERT INTO mitarbeiter ("id", "vorname", "nachname", "email", "telefon", "rolle", "abteilung", "aktiv", "isGlobal", "projektId") VALUES ('0a0c4e30-535d-46dc-b614-16abd417950c', 'Florian', 'Wohnhaas', 'f.wohnhaas@methabau.ch', NULL, 'Informatiker', 'METHABAU', NULL, NULL, NULL) ON CONFLICT (id) DO NOTHING;
INSERT INTO mitarbeiter ("id", "vorname", "nachname", "email", "telefon", "rolle", "abteilung", "aktiv", "isGlobal", "projektId") VALUES ('0b3dfcdf-adba-4e5c-8815-3fe09fad67f0', 'Sara', 'Gmuender', 's.gmuender@methabau.ch', NULL, 'Fachverantwortliche Projektentwicklung', 'METHABAU', NULL, NULL, NULL) ON CONFLICT (id) DO NOTHING;
INSERT INTO mitarbeiter ("id", "vorname", "nachname", "email", "telefon", "rolle", "abteilung", "aktiv", "isGlobal", "projektId") VALUES ('0caaa4b4-fdbf-4ac4-b8f9-a88a2c94ed13', 'Ramon', 'Bockmuehl', 'r.bockmuehl@methabau.ch', NULL, 'Bauleiter / Kader', 'METHABAU', NULL, NULL, NULL) ON CONFLICT (id) DO NOTHING;
INSERT INTO mitarbeiter ("id", "vorname", "nachname", "email", "telefon", "rolle", "abteilung", "aktiv", "isGlobal", "projektId") VALUES ('100ba6b3-ea67-47f8-aeca-0b4e79cc8261', 'Antonio', 'Grillo', 'a.grillo@methabau.ch', NULL, 'Vorarbeiter Maler', 'METHABAU', NULL, NULL, NULL) ON CONFLICT (id) DO NOTHING;
INSERT INTO mitarbeiter ("id", "vorname", "nachname", "email", "telefon", "rolle", "abteilung", "aktiv", "isGlobal", "projektId") VALUES ('101c9a93-fd8e-403c-9788-609ad35c23c0', 'Tanja', 'Brandenberger', 't.brandenberger@methabau.ch', NULL, 'Bauleitung Cleverfit', 'METHABAU', NULL, NULL, NULL) ON CONFLICT (id) DO NOTHING;
INSERT INTO mitarbeiter ("id", "vorname", "nachname", "email", "telefon", "rolle", "abteilung", "aktiv", "isGlobal", "projektId") VALUES ('1506293b-c389-4d81-a5fb-619d2d25f758', 'Yasin', 'Tuna', 'y.tuna@methabau.ch', NULL, 'Systemadministrator', 'METHABAU', NULL, NULL, NULL) ON CONFLICT (id) DO NOTHING;
INSERT INTO mitarbeiter ("id", "vorname", "nachname", "email", "telefon", "rolle", "abteilung", "aktiv", "isGlobal", "projektId") VALUES ('1526040e-1ffc-463a-ae9e-1603501b50fe', 'Fabian', 'Manser', 'f.manser@methabau.ch', NULL, 'Lernender Informatiker', 'METHABAU', NULL, NULL, NULL) ON CONFLICT (id) DO NOTHING;
INSERT INTO mitarbeiter ("id", "vorname", "nachname", "email", "telefon", "rolle", "abteilung", "aktiv", "isGlobal", "projektId") VALUES ('18cc9384-7910-4e24-b463-c5674f11746a', 'Aldin', 'Mehmedagic', 'a.mehmedagic@methabau.ch', NULL, 'Lernender Mediamatiker', 'METHABAU', NULL, NULL, NULL) ON CONFLICT (id) DO NOTHING;
INSERT INTO mitarbeiter ("id", "vorname", "nachname", "email", "telefon", "rolle", "abteilung", "aktiv", "isGlobal", "projektId") VALUES ('1a429dc0-53a6-4638-af75-dae28690504c', 'Ildiko', 'Birclin', 'i.birclin@methabau.ch', NULL, 'Baukostenplanerin', 'METHABAU', NULL, NULL, NULL) ON CONFLICT (id) DO NOTHING;
INSERT INTO mitarbeiter ("id", "vorname", "nachname", "email", "telefon", "rolle", "abteilung", "aktiv", "isGlobal", "projektId") VALUES ('1a9fb27d-f9d0-4ab3-982b-369b20fae1f4', 'Blechwerkstatt', 'Blechwerkstatt', 'blechwerkstatt@methabau.ch', NULL, 'nan', 'METHABAU', NULL, NULL, NULL) ON CONFLICT (id) DO NOTHING;
INSERT INTO mitarbeiter ("id", "vorname", "nachname", "email", "telefon", "rolle", "abteilung", "aktiv", "isGlobal", "projektId") VALUES ('1ad7c811-c277-448f-8b6c-a7ec6393470d', 'Damara', 'Ferrise', 'd.ferrise@methabau.ch', NULL, 'Assistentin Leitung/ Immobilienbewirtschafterin', 'METHABAU', NULL, NULL, NULL) ON CONFLICT (id) DO NOTHING;
INSERT INTO mitarbeiter ("id", "vorname", "nachname", "email", "telefon", "rolle", "abteilung", "aktiv", "isGlobal", "projektId") VALUES ('1af3cd0d-bf33-4b13-b530-84c47b49b7d2', 'Joel', 'Brotzge', 'j.brotzge@methabau.ch', NULL, 'Immobilienbewirtschafter', 'METHABAU', NULL, NULL, NULL) ON CONFLICT (id) DO NOTHING;
INSERT INTO mitarbeiter ("id", "vorname", "nachname", "email", "telefon", "rolle", "abteilung", "aktiv", "isGlobal", "projektId") VALUES ('1af46f41-6913-4671-8ee7-91c00a671ce9', 'Thomas', 'Jablinski', 't.jablinski@methabau.ch', NULL, 'Mitarbeiter Service & Technik', 'METHABAU', NULL, NULL, NULL) ON CONFLICT (id) DO NOTHING;
INSERT INTO mitarbeiter ("id", "vorname", "nachname", "email", "telefon", "rolle", "abteilung", "aktiv", "isGlobal", "projektId") VALUES ('1b4169f0-ed0c-400b-8a0a-3cf720e5a4df', 'Takuya', 'Suehiro', 't.suehiro@methabau.ch', NULL, 'Ausführungsplaner BIM', 'METHABAU', NULL, NULL, NULL) ON CONFLICT (id) DO NOTHING;
INSERT INTO mitarbeiter ("id", "vorname", "nachname", "email", "telefon", "rolle", "abteilung", "aktiv", "isGlobal", "projektId") VALUES ('1bab09a5-7152-42e3-93b9-7bf6c12d2261', 'Tobias', 'Mueller', 't.mueller@methabau.ch', NULL, 'Head of Legal and Compliance', 'METHABAU', NULL, NULL, NULL) ON CONFLICT (id) DO NOTHING;
INSERT INTO mitarbeiter ("id", "vorname", "nachname", "email", "telefon", "rolle", "abteilung", "aktiv", "isGlobal", "projektId") VALUES ('1c7dcebe-4550-4a88-b741-4cd612b99ecb', 'Gerhard', 'Frick', 'g.frick@methabau.ch', NULL, 'Projektverantwortlicher BIM Konstrukteur', 'METHABAU', NULL, NULL, NULL) ON CONFLICT (id) DO NOTHING;
INSERT INTO mitarbeiter ("id", "vorname", "nachname", "email", "telefon", "rolle", "abteilung", "aktiv", "isGlobal", "projektId") VALUES ('1d0062a5-6749-4a6f-ae92-a4b5a8211af0', 'Burak', 'Eyiden', 'b.eyiden@methabau.ch', NULL, 'AVOR Metallbau / Schlosserei', 'METHABAU', NULL, NULL, NULL) ON CONFLICT (id) DO NOTHING;
INSERT INTO mitarbeiter ("id", "vorname", "nachname", "email", "telefon", "rolle", "abteilung", "aktiv", "isGlobal", "projektId") VALUES ('2076d3fd-a1ac-41ec-b375-d5b67d44831a', 'Jochen', 'Voehringer', 'j.voehringer@methabau.ch', NULL, 'techn. Leiter Gewerbebau, Mitglied der Geschäftsbereichsleitung', 'METHABAU', NULL, NULL, NULL) ON CONFLICT (id) DO NOTHING;
INSERT INTO mitarbeiter ("id", "vorname", "nachname", "email", "telefon", "rolle", "abteilung", "aktiv", "isGlobal", "projektId") VALUES ('20eb191a-eeee-4227-a9eb-cb6d59dd1f2c', 'Nadine', 'Solenthaler', 'n.solenthaler@methabau.ch', NULL, 'Fachverantwortliche Projektentwicklung / Bewilligungsverfahren', 'METHABAU', NULL, NULL, NULL) ON CONFLICT (id) DO NOTHING;
INSERT INTO mitarbeiter ("id", "vorname", "nachname", "email", "telefon", "rolle", "abteilung", "aktiv", "isGlobal", "projektId") VALUES ('28143c80-8c96-44fe-b6c1-6dc821e3cb6d', 'Stefan', 'Signer', 's.signer@methabau.ch', NULL, 'Ausführungsplaner Metallbau', 'METHABAU', NULL, NULL, NULL) ON CONFLICT (id) DO NOTHING;
INSERT INTO mitarbeiter ("id", "vorname", "nachname", "email", "telefon", "rolle", "abteilung", "aktiv", "isGlobal", "projektId") VALUES ('2952057a-6ed6-47d0-a267-7031e1bfd1d2', 'Ronja', 'Kriech', 'r.kriech@methabau.ch', NULL, 'Bauleiterin', 'METHABAU', NULL, NULL, NULL) ON CONFLICT (id) DO NOTHING;
INSERT INTO mitarbeiter ("id", "vorname", "nachname", "email", "telefon", "rolle", "abteilung", "aktiv", "isGlobal", "projektId") VALUES ('2f6270e6-4c1c-44f4-a94b-47893640640b', 'Christian', 'Gustavs', 'c.gustavs@methabau.ch', NULL, 'Hochbauzeichner / Projektplaner', 'METHABAU', NULL, NULL, NULL) ON CONFLICT (id) DO NOTHING;
INSERT INTO mitarbeiter ("id", "vorname", "nachname", "email", "telefon", "rolle", "abteilung", "aktiv", "isGlobal", "projektId") VALUES ('2f82bfc3-202c-4b52-85b3-22692aeb9459', 'Personal', 'Hr', 'hr@methabau.ch', NULL, 'nan', 'METHABAU', NULL, NULL, NULL) ON CONFLICT (id) DO NOTHING;
INSERT INTO mitarbeiter ("id", "vorname", "nachname", "email", "telefon", "rolle", "abteilung", "aktiv", "isGlobal", "projektId") VALUES ('319989c1-60bb-477d-aa4e-e6b7f762eee9', 'Sanursan', 'Atputharajah', 's.atputharajah@methabau.ch', NULL, 'Informatiker', 'METHABAU', NULL, NULL, NULL) ON CONFLICT (id) DO NOTHING;
INSERT INTO mitarbeiter ("id", "vorname", "nachname", "email", "telefon", "rolle", "abteilung", "aktiv", "isGlobal", "projektId") VALUES ('32b25ba3-2aca-41f0-a3c5-57a185d9674b', 'Siro', 'Egli', 's.egli@methabau.ch', NULL, 'Informatiker', 'METHABAU', NULL, NULL, NULL) ON CONFLICT (id) DO NOTHING;
INSERT INTO mitarbeiter ("id", "vorname", "nachname", "email", "telefon", "rolle", "abteilung", "aktiv", "isGlobal", "projektId") VALUES ('378cb33f-7bd5-4af2-afc2-61b2f390fd37', 'Karin', 'Sennhauser', 'k.sennhauser@methabau.ch', NULL, 'Teamleiterin Haustechnik', 'METHABAU', NULL, NULL, NULL) ON CONFLICT (id) DO NOTHING;
INSERT INTO mitarbeiter ("id", "vorname", "nachname", "email", "telefon", "rolle", "abteilung", "aktiv", "isGlobal", "projektId") VALUES ('39abb20c-41fd-4888-a04a-3e2a1b05405a', 'Michael', 'Steinacher', 'm.steinacher@methabau.ch', NULL, 'Projektverantwortlicher BIM Konstrukteur', 'METHABAU', NULL, NULL, NULL) ON CONFLICT (id) DO NOTHING;
INSERT INTO mitarbeiter ("id", "vorname", "nachname", "email", "telefon", "rolle", "abteilung", "aktiv", "isGlobal", "projektId") VALUES ('39e99974-e225-4b2a-8278-a8d2fea5db20', 'Michael', 'Schneider', 'm.schneider@methabau.ch', NULL, 'CFO', 'METHABAU', NULL, NULL, NULL) ON CONFLICT (id) DO NOTHING;
INSERT INTO mitarbeiter ("id", "vorname", "nachname", "email", "telefon", "rolle", "abteilung", "aktiv", "isGlobal", "projektId") VALUES ('3a1cb639-f121-4fae-b8f9-78d840e24431', 'Alexander', 'Hikade', 'a.hikade@methabau.ch', NULL, 'Gewerbebau Polier', 'METHABAU', NULL, NULL, NULL) ON CONFLICT (id) DO NOTHING;
INSERT INTO mitarbeiter ("id", "vorname", "nachname", "email", "telefon", "rolle", "abteilung", "aktiv", "isGlobal", "projektId") VALUES ('3b0031e8-8aab-4a54-899d-3117e4ec5481', 'Marco', 'Schuessler', 'm.schuessler@methabau.ch', NULL, 'Devisierung', 'METHABAU', NULL, NULL, NULL) ON CONFLICT (id) DO NOTHING;
INSERT INTO mitarbeiter ("id", "vorname", "nachname", "email", "telefon", "rolle", "abteilung", "aktiv", "isGlobal", "projektId") VALUES ('3d0a0e00-3755-463a-9ef7-314e81ff074e', 'Stefan', 'Risch', 's.risch@methabau.ch', NULL, 'Kalkulator / Kostenplaner', 'METHABAU', NULL, NULL, NULL) ON CONFLICT (id) DO NOTHING;
INSERT INTO mitarbeiter ("id", "vorname", "nachname", "email", "telefon", "rolle", "abteilung", "aktiv", "isGlobal", "projektId") VALUES ('40b068a1-946e-4498-b858-696ca930e6b0', 'Judith', 'Grosseaschoff', 'j.grosseaschoff@methabau.ch', NULL, 'Bauleiterin', 'METHABAU', NULL, NULL, NULL) ON CONFLICT (id) DO NOTHING;
INSERT INTO mitarbeiter ("id", "vorname", "nachname", "email", "telefon", "rolle", "abteilung", "aktiv", "isGlobal", "projektId") VALUES ('40d00308-17a5-4d1a-a5d5-f8af44cf19c9', 'Nicole', 'Wahlen', 'n.wahlen@methabau.ch', NULL, 'Sekretariat und Empfang', 'METHABAU', NULL, NULL, NULL) ON CONFLICT (id) DO NOTHING;
INSERT INTO mitarbeiter ("id", "vorname", "nachname", "email", "telefon", "rolle", "abteilung", "aktiv", "isGlobal", "projektId") VALUES ('48ff4ab9-c9f4-4e30-b3c1-b4af276e45b0', 'Roland', 'Gruetter', 'r.gruetter@methabau.ch', NULL, 'Hauswart', 'METHABAU', NULL, NULL, NULL) ON CONFLICT (id) DO NOTHING;
INSERT INTO mitarbeiter ("id", "vorname", "nachname", "email", "telefon", "rolle", "abteilung", "aktiv", "isGlobal", "projektId") VALUES ('4a139e9f-ef62-43a6-b7f7-481a480e3ecf', 'Martin', 'Richtfeld', 'm.richtfeld@methabau.ch', NULL, 'Projektleiter Gewerbebau', 'METHABAU', NULL, NULL, NULL) ON CONFLICT (id) DO NOTHING;
INSERT INTO mitarbeiter ("id", "vorname", "nachname", "email", "telefon", "rolle", "abteilung", "aktiv", "isGlobal", "projektId") VALUES ('4f76ae7d-c9cd-4fa6-9844-e27756f2b9ac', 'Fatih', 'Aktepe', 'f.aktepe@methabau.ch', NULL, 'IT-Administrator', 'METHABAU', NULL, NULL, NULL) ON CONFLICT (id) DO NOTHING;
INSERT INTO mitarbeiter ("id", "vorname", "nachname", "email", "telefon", "rolle", "abteilung", "aktiv", "isGlobal", "projektId") VALUES ('4fbd244a-b226-4b41-9057-880cd5427f4e', 'Sascha', 'Weber', 's.weber@methabau.ch', NULL, 'Projektverantwortlicher BIM Konstrukteur', 'METHABAU', NULL, NULL, NULL) ON CONFLICT (id) DO NOTHING;
INSERT INTO mitarbeiter ("id", "vorname", "nachname", "email", "telefon", "rolle", "abteilung", "aktiv", "isGlobal", "projektId") VALUES ('544838dd-9c63-45f9-b8b9-1a15e0604826', 'Fabiano', 'Pompadur', 'f.pompadur@methabau.ch', NULL, 'Projektleiter Lüftung', 'METHABAU', NULL, NULL, NULL) ON CONFLICT (id) DO NOTHING;
INSERT INTO mitarbeiter ("id", "vorname", "nachname", "email", "telefon", "rolle", "abteilung", "aktiv", "isGlobal", "projektId") VALUES ('549ed68f-ddae-4760-9165-6842e77aeb36', 'Jörg', 'Mathis', 'j.mathis@methabau.ch', NULL, 'Geschäftsbereichsleitung Totalunternehmung', 'METHABAU', NULL, NULL, NULL) ON CONFLICT (id) DO NOTHING;
INSERT INTO mitarbeiter ("id", "vorname", "nachname", "email", "telefon", "rolle", "abteilung", "aktiv", "isGlobal", "projektId") VALUES ('57ac10ab-4e80-4bdd-96f5-283014107c26', 'Daniel', 'Hungerbuehler', 'd.hungerbuehler@methabau.ch', NULL, 'Payroll Specialist', 'METHABAU', NULL, NULL, NULL) ON CONFLICT (id) DO NOTHING;
INSERT INTO mitarbeiter ("id", "vorname", "nachname", "email", "telefon", "rolle", "abteilung", "aktiv", "isGlobal", "projektId") VALUES ('57d9562a-9ba6-4884-8d7a-e880f27c5d57', 'Mark', 'Fleming', 'm.fleming@methabau.ch', NULL, 'Leiter Controlling / Kader', 'METHABAU', NULL, NULL, NULL) ON CONFLICT (id) DO NOTHING;
INSERT INTO mitarbeiter ("id", "vorname", "nachname", "email", "telefon", "rolle", "abteilung", "aktiv", "isGlobal", "projektId") VALUES ('58b79d9b-f3f3-4a03-8f72-b59c514a2470', 'Stefan', 'Forster', 's.forster@methabau.ch', NULL, 'techn. Leiter Wohnbau, Mitglied der Geschäftsbereichsleitung', 'METHABAU', NULL, NULL, NULL) ON CONFLICT (id) DO NOTHING;
INSERT INTO mitarbeiter ("id", "vorname", "nachname", "email", "telefon", "rolle", "abteilung", "aktiv", "isGlobal", "projektId") VALUES ('5990b98e-5aee-4ff4-ba31-7ede59f75532', 'Alper', 'Yildirim', 'a.yildirim@methabau.ch', NULL, 'Technischer Assistent Bauleitung', 'METHABAU', NULL, NULL, NULL) ON CONFLICT (id) DO NOTHING;
INSERT INTO mitarbeiter ("id", "vorname", "nachname", "email", "telefon", "rolle", "abteilung", "aktiv", "isGlobal", "projektId") VALUES ('5a5bdaee-233e-4c9c-a056-6d069c664f2e', 'Senad', 'Muhedinovic', 's.muhedinovic@methabau.ch', NULL, 'Mitarbeiter Service & Technik', 'METHABAU', NULL, NULL, NULL) ON CONFLICT (id) DO NOTHING;
INSERT INTO mitarbeiter ("id", "vorname", "nachname", "email", "telefon", "rolle", "abteilung", "aktiv", "isGlobal", "projektId") VALUES ('629b9c41-d243-40f0-9b26-53556875c0c7', 'Jan', 'Joos', 'j.joos@methabau.ch', NULL, 'Praktikant Projektentwicklung', 'METHABAU', NULL, NULL, NULL) ON CONFLICT (id) DO NOTHING;
INSERT INTO mitarbeiter ("id", "vorname", "nachname", "email", "telefon", "rolle", "abteilung", "aktiv", "isGlobal", "projektId") VALUES ('6604b402-770b-49e8-97a6-ef1d594493ba', 'nan', 'Stefanovic', 's.stefanovic@methabau.ch', NULL, 'Leiter Einkauf / Kader', 'METHABAU', NULL, NULL, NULL) ON CONFLICT (id) DO NOTHING;
INSERT INTO mitarbeiter ("id", "vorname", "nachname", "email", "telefon", "rolle", "abteilung", "aktiv", "isGlobal", "projektId") VALUES ('68f1af34-11cb-4ccc-9259-566a79018606', 'Gianluca', 'Barbieri', 'g.barbieri@methabau.ch', NULL, 'Mitarbeiter Werkhof / Stv. Leiter Werkhof / Magazin', 'METHABAU', NULL, NULL, NULL) ON CONFLICT (id) DO NOTHING;
INSERT INTO mitarbeiter ("id", "vorname", "nachname", "email", "telefon", "rolle", "abteilung", "aktiv", "isGlobal", "projektId") VALUES ('6a362a5c-7ef8-48fd-b1a7-e2e98a233efa', 'Roland', 'Stark', 'r.stark@methabau.ch', NULL, 'Leiter Service und Kundenarbeiten / Stv. GBL Service und Kundenarbeiten/Mitglied der Geschäftsbereichsleitung', 'METHABAU', NULL, NULL, NULL) ON CONFLICT (id) DO NOTHING;
INSERT INTO mitarbeiter ("id", "vorname", "nachname", "email", "telefon", "rolle", "abteilung", "aktiv", "isGlobal", "projektId") VALUES ('6c308575-e3a7-4090-9231-29ef07f97664', 'Vadim', 'Zutter', 'v.zutter@methabau.ch', NULL, 'Lernender KV', 'METHABAU', NULL, NULL, NULL) ON CONFLICT (id) DO NOTHING;
INSERT INTO mitarbeiter ("id", "vorname", "nachname", "email", "telefon", "rolle", "abteilung", "aktiv", "isGlobal", "projektId") VALUES ('6ee678f4-a9b8-4f77-85d9-4daddfad368a', 'Driton', 'Memeti', 'd.memeti@methabau.ch', NULL, 'Polier Hochbau', 'METHABAU', NULL, NULL, NULL) ON CONFLICT (id) DO NOTHING;
INSERT INTO mitarbeiter ("id", "vorname", "nachname", "email", "telefon", "rolle", "abteilung", "aktiv", "isGlobal", "projektId") VALUES ('707b447b-105d-406d-a857-71bc7b23a89f', 'Colin', 'Woodtli', 'c.woodtli@methabau.ch', NULL, 'Polier Hochbau / Gewerbebau', 'METHABAU', NULL, NULL, NULL) ON CONFLICT (id) DO NOTHING;
INSERT INTO mitarbeiter ("id", "vorname", "nachname", "email", "telefon", "rolle", "abteilung", "aktiv", "isGlobal", "projektId") VALUES ('736899df-4fd7-4423-a25a-c98822b0409d', 'Tenhar', 'Abazi', 't.abazi@methabau.ch', NULL, 'Vorarbeiter Hochbau', 'METHABAU', NULL, NULL, NULL) ON CONFLICT (id) DO NOTHING;
INSERT INTO mitarbeiter ("id", "vorname", "nachname", "email", "telefon", "rolle", "abteilung", "aktiv", "isGlobal", "projektId") VALUES ('74e925cc-5d35-4597-afaf-02da26ca2172', 'Schlosserei', 'Schlosserei', 'schlosserei@methabau.ch', NULL, 'nan', 'METHABAU', NULL, NULL, NULL) ON CONFLICT (id) DO NOTHING;
INSERT INTO mitarbeiter ("id", "vorname", "nachname", "email", "telefon", "rolle", "abteilung", "aktiv", "isGlobal", "projektId") VALUES ('7883d24e-4cfb-4dd4-8802-4bacbff4ac37', 'Patrick', 'Delloca', 'p.delloca@methabau.ch', NULL, 'Leiter Werkhof', 'METHABAU', NULL, NULL, NULL) ON CONFLICT (id) DO NOTHING;
INSERT INTO mitarbeiter ("id", "vorname", "nachname", "email", "telefon", "rolle", "abteilung", "aktiv", "isGlobal", "projektId") VALUES ('7d363d67-6e6a-47d2-b685-f4a0fb9ef0bd', 'Regula', 'Gallmann', 'r.gallmann@methabau.ch', NULL, 'Assistenz Immobilienverwaltung / Sekretariat', 'METHABAU', NULL, NULL, NULL) ON CONFLICT (id) DO NOTHING;
INSERT INTO mitarbeiter ("id", "vorname", "nachname", "email", "telefon", "rolle", "abteilung", "aktiv", "isGlobal", "projektId") VALUES ('81672fa8-ca04-4d43-bc3b-74700e8f3c0c', 'Felix', 'Indergand', 'f.indergand@methabau.ch', NULL, 'Hochbau Polier', 'METHABAU', NULL, NULL, NULL) ON CONFLICT (id) DO NOTHING;
INSERT INTO mitarbeiter ("id", "vorname", "nachname", "email", "telefon", "rolle", "abteilung", "aktiv", "isGlobal", "projektId") VALUES ('82245d56-7907-41b5-9829-76e25e2f149c', 'Dashmir', 'Emini', 'd.emini@methabau.ch', NULL, 'Fachplaner Haustechnik', 'METHABAU', NULL, NULL, NULL) ON CONFLICT (id) DO NOTHING;
INSERT INTO mitarbeiter ("id", "vorname", "nachname", "email", "telefon", "rolle", "abteilung", "aktiv", "isGlobal", "projektId") VALUES ('8296abbc-6e5e-4cbc-aeca-13c0ba657940', 'Sekretariat', 'Sekretariat', 'sekretariat@methabau.ch', NULL, 'nan', 'METHABAU', NULL, NULL, NULL) ON CONFLICT (id) DO NOTHING;
INSERT INTO mitarbeiter ("id", "vorname", "nachname", "email", "telefon", "rolle", "abteilung", "aktiv", "isGlobal", "projektId") VALUES ('86900307-fc67-42cb-9b5e-0640720df248', 'Enrico', 'Hansel', 'e.hansel@methabau.ch', NULL, 'Projektverantwortliche BIM Konstrukteur', 'METHABAU', NULL, NULL, NULL) ON CONFLICT (id) DO NOTHING;
INSERT INTO mitarbeiter ("id", "vorname", "nachname", "email", "telefon", "rolle", "abteilung", "aktiv", "isGlobal", "projektId") VALUES ('8794a015-d0b4-442e-9a70-05902db3b30a', 'Andreas', 'Bruderer', 'a.bruderer@methabau.ch', NULL, 'Leiter Fuhrpark / Wartung', 'METHABAU', NULL, NULL, NULL) ON CONFLICT (id) DO NOTHING;
INSERT INTO mitarbeiter ("id", "vorname", "nachname", "email", "telefon", "rolle", "abteilung", "aktiv", "isGlobal", "projektId") VALUES ('8a41179f-716e-4565-9247-24c01ad92b81', 'Nicole', 'Pfister', 'n.pfister@methabau.ch', NULL, 'Liegenschaftsbuchhalterin', 'METHABAU', NULL, NULL, NULL) ON CONFLICT (id) DO NOTHING;
INSERT INTO mitarbeiter ("id", "vorname", "nachname", "email", "telefon", "rolle", "abteilung", "aktiv", "isGlobal", "projektId") VALUES ('8b6ab9f1-ae41-4579-9849-6bc98ebf137e', 'Matthew', 'Dean', 'm.dean@methabau.ch', NULL, 'Projektleiter', 'METHABAU', NULL, NULL, NULL) ON CONFLICT (id) DO NOTHING;
INSERT INTO mitarbeiter ("id", "vorname", "nachname", "email", "telefon", "rolle", "abteilung", "aktiv", "isGlobal", "projektId") VALUES ('8b927180-65ef-4c38-95f6-aff661772a19', 'Daniel', 'Schumacher', 'd.schumacher@methabau.ch', NULL, 'Brandschutzexperte VKF / Kader', 'METHABAU', NULL, NULL, NULL) ON CONFLICT (id) DO NOTHING;
INSERT INTO mitarbeiter ("id", "vorname", "nachname", "email", "telefon", "rolle", "abteilung", "aktiv", "isGlobal", "projektId") VALUES ('8e977bc7-d56f-4240-ba3a-3d0b04749e5c', 'Markus', 'Fitzi', 'm.fitzi@methabau.ch', NULL, 'Organisatorischer Leiter Bau', 'METHABAU', NULL, NULL, NULL) ON CONFLICT (id) DO NOTHING;
INSERT INTO mitarbeiter ("id", "vorname", "nachname", "email", "telefon", "rolle", "abteilung", "aktiv", "isGlobal", "projektId") VALUES ('8fb0ee43-93ce-48e8-9132-18746798f716', 'Cornelia', 'Wallner', 'c.wallner@methabau.ch', NULL, 'Juristin M.A. HSG', 'METHABAU', NULL, NULL, NULL) ON CONFLICT (id) DO NOTHING;
INSERT INTO mitarbeiter ("id", "vorname", "nachname", "email", "telefon", "rolle", "abteilung", "aktiv", "isGlobal", "projektId") VALUES ('91fa16b3-a532-4422-83bf-5cae47399c80', 'Nazife', 'Useini', 'n.useini@methabau.ch', NULL, 'HR - Assistentin', 'METHABAU', NULL, NULL, NULL) ON CONFLICT (id) DO NOTHING;
INSERT INTO mitarbeiter ("id", "vorname", "nachname", "email", "telefon", "rolle", "abteilung", "aktiv", "isGlobal", "projektId") VALUES ('93928158-9e15-4515-8b17-ce6266637b67', 'Sebastian', 'Wallmann', 's.wallmann@methabau.ch', NULL, 'Technischer Einkäufer', 'METHABAU', NULL, NULL, NULL) ON CONFLICT (id) DO NOTHING;
INSERT INTO mitarbeiter ("id", "vorname", "nachname", "email", "telefon", "rolle", "abteilung", "aktiv", "isGlobal", "projektId") VALUES ('94631129-5b90-4d41-a4c2-10c807e68916', 'Christiane', 'Hever', 'c.hever@methabau.ch', NULL, 'Assistentin Projektleitung', 'METHABAU', NULL, NULL, NULL) ON CONFLICT (id) DO NOTHING;
INSERT INTO mitarbeiter ("id", "vorname", "nachname", "email", "telefon", "rolle", "abteilung", "aktiv", "isGlobal", "projektId") VALUES ('95ee73fe-3cd2-46fc-898a-96d77dc24fe1', 'Marco', 'Andermatt', 'm.andermatt@methabau.ch', NULL, 'Leiter Projekt- und Ausführungsplanung', 'METHABAU', NULL, NULL, NULL) ON CONFLICT (id) DO NOTHING;
INSERT INTO mitarbeiter ("id", "vorname", "nachname", "email", "telefon", "rolle", "abteilung", "aktiv", "isGlobal", "projektId") VALUES ('99c379d9-23cd-4940-8f13-ab6dc6ddd8bb', 'Karin', 'Dadamo', 'k.dadamo@methabau.ch', NULL, 'Technische Assistentin Ausführung', 'METHABAU', NULL, NULL, NULL) ON CONFLICT (id) DO NOTHING;
INSERT INTO mitarbeiter ("id", "vorname", "nachname", "email", "telefon", "rolle", "abteilung", "aktiv", "isGlobal", "projektId") VALUES ('9b9e1cab-a322-47cf-9acc-6195c7fba0c7', 'Vanessa', 'Wienrich', 'v.wienrich@methabau.ch', NULL, 'Immobilienbewirtschafterin', 'METHABAU', NULL, NULL, NULL) ON CONFLICT (id) DO NOTHING;
INSERT INTO mitarbeiter ("id", "vorname", "nachname", "email", "telefon", "rolle", "abteilung", "aktiv", "isGlobal", "projektId") VALUES ('9cc80139-3452-4331-98c4-f0635ba87383', 'Simon', 'Kruese', 's.kruese@methabau.ch', NULL, 'Assistentin Service & Kundendienst', 'METHABAU', NULL, NULL, NULL) ON CONFLICT (id) DO NOTHING;
INSERT INTO mitarbeiter ("id", "vorname", "nachname", "email", "telefon", "rolle", "abteilung", "aktiv", "isGlobal", "projektId") VALUES ('9d936a7d-9d00-4d3f-ade4-55f17553a678', 'Alain', 'Bruhin', 'a.bruhin@methabau.ch', NULL, 'Projektplaner', 'METHABAU', NULL, NULL, NULL) ON CONFLICT (id) DO NOTHING;
INSERT INTO mitarbeiter ("id", "vorname", "nachname", "email", "telefon", "rolle", "abteilung", "aktiv", "isGlobal", "projektId") VALUES ('9f2d38fd-efbc-4e7a-8bd9-9ffd8d72b81d', 'Francisco Jose', 'Martinez Sanchez', 'f.martinez@methabau.ch', NULL, 'admin', NULL, NULL, NULL, NULL) ON CONFLICT (id) DO NOTHING;
INSERT INTO mitarbeiter ("id", "vorname", "nachname", "email", "telefon", "rolle", "abteilung", "aktiv", "isGlobal", "projektId") VALUES ('9f786ca6-5897-45a7-9f35-72cc4ca6ca80', 'Christian', 'Hendel', 'c.hendel@methabau.ch', NULL, 'Baubuchhaltung / Rechnungswesen', 'METHABAU', NULL, NULL, NULL) ON CONFLICT (id) DO NOTHING;
INSERT INTO mitarbeiter ("id", "vorname", "nachname", "email", "telefon", "rolle", "abteilung", "aktiv", "isGlobal", "projektId") VALUES ('a24c9b46-8ee8-4594-a0c4-d6704a95dfa1', 'Nilgün', 'Kuscu', 'n.kuscu@methabau.ch', NULL, 'Architektin Projektplanung', 'METHABAU', NULL, NULL, NULL) ON CONFLICT (id) DO NOTHING;
INSERT INTO mitarbeiter ("id", "vorname", "nachname", "email", "telefon", "rolle", "abteilung", "aktiv", "isGlobal", "projektId") VALUES ('a2549547-3287-48af-9178-3683df3f7dd6', 'Lars', 'Wiederkehr', 'l.wiederkehr@methabau.ch', NULL, 'Immobilienbewirtschafter', 'METHABAU', NULL, NULL, NULL) ON CONFLICT (id) DO NOTHING;
INSERT INTO mitarbeiter ("id", "vorname", "nachname", "email", "telefon", "rolle", "abteilung", "aktiv", "isGlobal", "projektId") VALUES ('a549b0a7-9f89-4864-8889-758d449189bb', 'Sabrina', 'Luetkens', 's.luetkens@methabau.ch', NULL, 'Projektleiterin / QM', 'METHABAU', NULL, NULL, NULL) ON CONFLICT (id) DO NOTHING;
INSERT INTO mitarbeiter ("id", "vorname", "nachname", "email", "telefon", "rolle", "abteilung", "aktiv", "isGlobal", "projektId") VALUES ('a6294d03-cecd-4f82-9f19-e3d98ce069e9', 'Andreas', 'Linder', 'a.linder@methabau.ch', NULL, 'AVOR Produktion / Ausführung', 'METHABAU', NULL, NULL, NULL) ON CONFLICT (id) DO NOTHING;
INSERT INTO mitarbeiter ("id", "vorname", "nachname", "email", "telefon", "rolle", "abteilung", "aktiv", "isGlobal", "projektId") VALUES ('a9d93223-5e3d-477c-9a39-b2f1a2415567', 'Saskia', 'Krucker', 's.krucker@methabau.ch', NULL, 'Mitarbeiterin Administration Projektentwicklung', 'METHABAU', NULL, NULL, NULL) ON CONFLICT (id) DO NOTHING;
INSERT INTO mitarbeiter ("id", "vorname", "nachname", "email", "telefon", "rolle", "abteilung", "aktiv", "isGlobal", "projektId") VALUES ('a9ebb5b4-f606-42f3-be61-f0202196c851', 'Patrick', 'Oberwiler', 'p.oberwiler@methabau.ch', NULL, 'Projektverantwortlicher BIM Konstrukteur / Stv. GBL Planung Ausführung', 'METHABAU', NULL, NULL, NULL) ON CONFLICT (id) DO NOTHING;
INSERT INTO mitarbeiter ("id", "vorname", "nachname", "email", "telefon", "rolle", "abteilung", "aktiv", "isGlobal", "projektId") VALUES ('aa9aeb78-3624-4c46-a8f9-f7f47929ee21', 'Karol', 'Tendera', 'k.tendera@methabau.ch', NULL, 'Monteur Stahlbau', 'METHABAU', NULL, NULL, NULL) ON CONFLICT (id) DO NOTHING;
INSERT INTO mitarbeiter ("id", "vorname", "nachname", "email", "telefon", "rolle", "abteilung", "aktiv", "isGlobal", "projektId") VALUES ('ae9c01cb-ef9f-40a8-aaf2-5a2e5d9ff16f', 'Andrej', 'Binz', 'a.binz@methabau.ch', NULL, 'Projektverantwortlicher BIM Konstrukteur', 'METHABAU', NULL, NULL, NULL) ON CONFLICT (id) DO NOTHING;
INSERT INTO mitarbeiter ("id", "vorname", "nachname", "email", "telefon", "rolle", "abteilung", "aktiv", "isGlobal", "projektId") VALUES ('b0480890-9864-4910-bbf1-ed36267a7ccb', 'Lisa', 'Blenk', 'l.blenk@methabau.ch', NULL, 'Bauleiterin', 'METHABAU', NULL, NULL, NULL) ON CONFLICT (id) DO NOTHING;
INSERT INTO mitarbeiter ("id", "vorname", "nachname", "email", "telefon", "rolle", "abteilung", "aktiv", "isGlobal", "projektId") VALUES ('b266fd3b-510d-4ebd-88c9-42dce1311cc2', 'Sükran', 'Oezdere', 's.oezdere@methabau.ch', NULL, 'Architektin Projektplanung / Teamleiterin Wohnbau', 'METHABAU', NULL, NULL, NULL) ON CONFLICT (id) DO NOTHING;
INSERT INTO mitarbeiter ("id", "vorname", "nachname", "email", "telefon", "rolle", "abteilung", "aktiv", "isGlobal", "projektId") VALUES ('b91e95e1-9cea-40aa-a3f6-7fbc15938b7e', 'Arben', 'Mustafa', 'a.mustafa@methabau.ch', NULL, 'Mitarbeiter Service & Technik', 'METHABAU', NULL, NULL, NULL) ON CONFLICT (id) DO NOTHING;
INSERT INTO mitarbeiter ("id", "vorname", "nachname", "email", "telefon", "rolle", "abteilung", "aktiv", "isGlobal", "projektId") VALUES ('b94e5869-988d-4185-b790-d0de5fcd28fa', 'Luana', 'Cavallaro', 'l.cavallaro@methabau.ch', NULL, 'Zeichnerin Fachrichtung Architektur EFZ', 'METHABAU', NULL, NULL, NULL) ON CONFLICT (id) DO NOTHING;
INSERT INTO mitarbeiter ("id", "vorname", "nachname", "email", "telefon", "rolle", "abteilung", "aktiv", "isGlobal", "projektId") VALUES ('baf36696-931c-4844-9ed6-4a13f2e6af85', 'Elisabeth', 'Hunziker', 'e.hunziker@methabau.ch', NULL, 'Assistentin Service & Kundendienst', 'METHABAU', NULL, NULL, NULL) ON CONFLICT (id) DO NOTHING;
INSERT INTO mitarbeiter ("id", "vorname", "nachname", "email", "telefon", "rolle", "abteilung", "aktiv", "isGlobal", "projektId") VALUES ('c0c3be0c-569a-4d79-a2dd-5a31bdb7ec94', 'Reto', 'Huerst', 'r.huerst@methabau.ch', NULL, 'Ausführungsplaner BIM', 'METHABAU', NULL, NULL, NULL) ON CONFLICT (id) DO NOTHING;
INSERT INTO mitarbeiter ("id", "vorname", "nachname", "email", "telefon", "rolle", "abteilung", "aktiv", "isGlobal", "projektId") VALUES ('c4136218-653c-4ffe-88ef-63deb94da505', 'Felix', 'Stoerchli', 'f.stoerchli@methabau.ch', NULL, 'Senior Bauleiter / Dipl. Bauführer', 'METHABAU', NULL, NULL, NULL) ON CONFLICT (id) DO NOTHING;
INSERT INTO mitarbeiter ("id", "vorname", "nachname", "email", "telefon", "rolle", "abteilung", "aktiv", "isGlobal", "projektId") VALUES ('c4cd51ad-cae8-4b45-940a-cebf40488344', 'Devran', 'Altun', 'd.altun@methabau.ch', NULL, 'Lernender KV', 'METHABAU', NULL, NULL, NULL) ON CONFLICT (id) DO NOTHING;
INSERT INTO mitarbeiter ("id", "vorname", "nachname", "email", "telefon", "rolle", "abteilung", "aktiv", "isGlobal", "projektId") VALUES ('c66303c0-bf12-4500-ae67-80e14fc57b22', 'Lazar', 'Lukic', 'l.lukic@methabau.ch', NULL, 'Ausführungsplaner BIM', 'METHABAU', NULL, NULL, NULL) ON CONFLICT (id) DO NOTHING;
INSERT INTO mitarbeiter ("id", "vorname", "nachname", "email", "telefon", "rolle", "abteilung", "aktiv", "isGlobal", "projektId") VALUES ('cbb41d5a-ea0f-4811-ba92-639c360f34b5', 'Michael', 'Grob', 'm.grob@methabau.ch', NULL, 'Bauleiter', 'METHABAU', NULL, NULL, NULL) ON CONFLICT (id) DO NOTHING;
INSERT INTO mitarbeiter ("id", "vorname", "nachname", "email", "telefon", "rolle", "abteilung", "aktiv", "isGlobal", "projektId") VALUES ('d0df53e2-c4f6-4aab-aba2-746d02e2dd4e', 'Piotr', 'Jablonski', 'p.jablonski@methabau.ch', NULL, 'Mitarbeiter Service & Technik', 'METHABAU', NULL, NULL, NULL) ON CONFLICT (id) DO NOTHING;
INSERT INTO mitarbeiter ("id", "vorname", "nachname", "email", "telefon", "rolle", "abteilung", "aktiv", "isGlobal", "projektId") VALUES ('d3633494-ab70-47d1-bce4-cd03508b058e', 'Cristian', 'Grillo', 'c.grillo@methabau.ch', NULL, 'Maler S&K', 'METHABAU', NULL, NULL, NULL) ON CONFLICT (id) DO NOTHING;
INSERT INTO mitarbeiter ("id", "vorname", "nachname", "email", "telefon", "rolle", "abteilung", "aktiv", "isGlobal", "projektId") VALUES ('d4aee357-5d04-4572-893d-d0b1b81aaa3d', 'Konrad', 'Cichon', 'k.cichon@methabau.ch', NULL, 'Monteur Metallbau', 'METHABAU', NULL, NULL, NULL) ON CONFLICT (id) DO NOTHING;
INSERT INTO mitarbeiter ("id", "vorname", "nachname", "email", "telefon", "rolle", "abteilung", "aktiv", "isGlobal", "projektId") VALUES ('d77d500c-92e4-4241-9884-6f49edfc1aca', 'Moritz', 'Munz', 'm.munz@methabau.ch', NULL, 'Projektverantwortlicher BIM Konstrukteur', 'METHABAU', NULL, NULL, NULL) ON CONFLICT (id) DO NOTHING;
INSERT INTO mitarbeiter ("id", "vorname", "nachname", "email", "telefon", "rolle", "abteilung", "aktiv", "isGlobal", "projektId") VALUES ('d7b113c0-7925-4660-94f8-b444aa184f8b', 'Shirin', 'Beutler', 's.beutler@methabau.ch', NULL, 'Hochbauzeichnerin / Projektplanerin', 'METHABAU', NULL, NULL, NULL) ON CONFLICT (id) DO NOTHING;
INSERT INTO mitarbeiter ("id", "vorname", "nachname", "email", "telefon", "rolle", "abteilung", "aktiv", "isGlobal", "projektId") VALUES ('db54f195-fd45-4143-b137-9ccef12c0c91', 'Hans', 'Gantenbein', 'h.gantenbein@methabau.ch', NULL, 'Leiter Blechbearbeitung/Stv. Produktionsleiter', 'METHABAU', NULL, NULL, NULL) ON CONFLICT (id) DO NOTHING;
INSERT INTO mitarbeiter ("id", "vorname", "nachname", "email", "telefon", "rolle", "abteilung", "aktiv", "isGlobal", "projektId") VALUES ('dcd5ad10-01ba-407a-aab3-c6609e322959', 'Sandra', 'Schmid', 'sa.schmid@methabau.ch', NULL, 'Fachfrau Finanz- und Rechnungswesen', 'METHABAU', NULL, NULL, NULL) ON CONFLICT (id) DO NOTHING;
INSERT INTO mitarbeiter ("id", "vorname", "nachname", "email", "telefon", "rolle", "abteilung", "aktiv", "isGlobal", "projektId") VALUES ('de05ade5-a882-41d2-b82c-e3ad8decae2a', 'Mohsen', 'Babakhani', 'm.babakhani@methabau.ch', NULL, 'Heizungsplaner', 'METHABAU', NULL, NULL, NULL) ON CONFLICT (id) DO NOTHING;
INSERT INTO mitarbeiter ("id", "vorname", "nachname", "email", "telefon", "rolle", "abteilung", "aktiv", "isGlobal", "projektId") VALUES ('dfc9fe1c-694c-4fc4-b250-f07abd90c69c', 'Sarah', 'Hintner', 's.hintner@methabau.ch', NULL, 'Assistentin Service & Kundendienst', 'METHABAU', NULL, NULL, NULL) ON CONFLICT (id) DO NOTHING;
INSERT INTO mitarbeiter ("id", "vorname", "nachname", "email", "telefon", "rolle", "abteilung", "aktiv", "isGlobal", "projektId") VALUES ('e7cd9e3b-611b-4afa-8996-1337bad1d2b0', 'Leonardo', 'Battaglia', 'l.battaglia@methabau.ch', NULL, 'Fachplaner Sanitär', 'METHABAU', NULL, NULL, NULL) ON CONFLICT (id) DO NOTHING;
INSERT INTO mitarbeiter ("id", "vorname", "nachname", "email", "telefon", "rolle", "abteilung", "aktiv", "isGlobal", "projektId") VALUES ('e8a5eb8a-98b3-4172-9210-5b3c497da4d5', 'Michael', 'Scheiwiller', 'm.scheiwiller@methabau.ch', NULL, 'Leiter Projektentwicklung / Auftragsgewinnung Mitglied der Gruppenleitung / Mitglied des Verwaltungsrates', 'METHABAU', NULL, NULL, NULL) ON CONFLICT (id) DO NOTHING;
INSERT INTO mitarbeiter ("id", "vorname", "nachname", "email", "telefon", "rolle", "abteilung", "aktiv", "isGlobal", "projektId") VALUES ('e950b50f-d837-4a67-8d98-02a27747b7b6', 'Erika', 'Constant', 'e.constant@methabau.ch', NULL, 'Ausführungsplaner BIM', 'METHABAU', NULL, NULL, NULL) ON CONFLICT (id) DO NOTHING;
INSERT INTO mitarbeiter ("id", "vorname", "nachname", "email", "telefon", "rolle", "abteilung", "aktiv", "isGlobal", "projektId") VALUES ('ea866947-5fb3-4733-81c8-3950983c6115', 'Carmen', 'Kirchner', 'c.kirchner@methabau.ch', NULL, 'Sekretariat und Empfang', 'METHABAU', NULL, NULL, NULL) ON CONFLICT (id) DO NOTHING;
INSERT INTO mitarbeiter ("id", "vorname", "nachname", "email", "telefon", "rolle", "abteilung", "aktiv", "isGlobal", "projektId") VALUES ('eababcd1-9991-41a7-b2b9-3ca52f0a8a32', 'Uwe', 'Hendel', 'u.hendel@methabau.ch', NULL, 'Assistent / Standortleiter Amriswil', 'METHABAU', NULL, NULL, NULL) ON CONFLICT (id) DO NOTHING;
INSERT INTO mitarbeiter ("id", "vorname", "nachname", "email", "telefon", "rolle", "abteilung", "aktiv", "isGlobal", "projektId") VALUES ('eb8b5fc9-e3cc-48be-97e6-293002ab8c51', 'Jürg', 'Wagner', 'j.wagner@methabau.ch', NULL, 'Geschäftsbereichsleiter Bau/Produktion und Service/Kundenarbeiten', 'METHABAU', NULL, NULL, NULL) ON CONFLICT (id) DO NOTHING;
INSERT INTO mitarbeiter ("id", "vorname", "nachname", "email", "telefon", "rolle", "abteilung", "aktiv", "isGlobal", "projektId") VALUES ('ed6402aa-1e88-4478-ab8e-72d663d8aa5d', 'Mariana', 'Felhauer', 'm.felhauer@methabau.ch', NULL, 'Allrounderin', 'METHABAU', NULL, NULL, NULL) ON CONFLICT (id) DO NOTHING;
INSERT INTO mitarbeiter ("id", "vorname", "nachname", "email", "telefon", "rolle", "abteilung", "aktiv", "isGlobal", "projektId") VALUES ('f3b43803-6e61-46bb-ab6b-9fb717bb861d', 'Maria', 'Lutz', 'm.lutz@methabau.ch', NULL, 'Assistentin Geschäftsbereichsleiter Bau / Produktion / Service & Kundenarbeiten', 'METHABAU', NULL, NULL, NULL) ON CONFLICT (id) DO NOTHING;
INSERT INTO mitarbeiter ("id", "vorname", "nachname", "email", "telefon", "rolle", "abteilung", "aktiv", "isGlobal", "projektId") VALUES ('f4326777-5401-409b-9b93-013b8a719def', 'Jaroslav', 'Semjan', 'j.semjan@methabau.ch', NULL, 'Bauarbeiter A', 'METHABAU', NULL, NULL, NULL) ON CONFLICT (id) DO NOTHING;
INSERT INTO mitarbeiter ("id", "vorname", "nachname", "email", "telefon", "rolle", "abteilung", "aktiv", "isGlobal", "projektId") VALUES ('f57e7a57-4057-499c-ae62-6d3c928a215a', 'Peter', 'Hary', 'p.hary@methabau.ch', NULL, 'Teamleiter BIM Konstrukteur Metallbau', 'METHABAU', NULL, NULL, NULL) ON CONFLICT (id) DO NOTHING;
INSERT INTO mitarbeiter ("id", "vorname", "nachname", "email", "telefon", "rolle", "abteilung", "aktiv", "isGlobal", "projektId") VALUES ('f746577e-280a-4457-b3cd-a45239f14c46', 'IT', 'Itsupport', 'itsupport@methabau.ch', NULL, 'nan', 'METHABAU', NULL, NULL, NULL) ON CONFLICT (id) DO NOTHING;
INSERT INTO mitarbeiter ("id", "vorname", "nachname", "email", "telefon", "rolle", "abteilung", "aktiv", "isGlobal", "projektId") VALUES ('f767e15d-f1d1-426a-9f15-d5637b0281a9', 'Daniel', 'Iten', 'd.iten@methabau.ch', NULL, 'Teamleiter Projektplanung', 'METHABAU', NULL, NULL, NULL) ON CONFLICT (id) DO NOTHING;
INSERT INTO mitarbeiter ("id", "vorname", "nachname", "email", "telefon", "rolle", "abteilung", "aktiv", "isGlobal", "projektId") VALUES ('f818fed0-8058-467b-b918-81bd36fe520c', 'Markus', 'Hauser', 'm.hauser@methabau.ch', NULL, 'Projektleiter Metallbau / Kader', 'METHABAU', NULL, NULL, NULL) ON CONFLICT (id) DO NOTHING;
INSERT INTO mitarbeiter ("id", "vorname", "nachname", "email", "telefon", "rolle", "abteilung", "aktiv", "isGlobal", "projektId") VALUES ('fb995930-91bd-4cc1-a050-987efa0c633d', 'Mario', 'Brkljaca', 'm.brkljaca@methabau.ch', NULL, 'Mitarbeiter Service & Technik', 'METHABAU', NULL, NULL, NULL) ON CONFLICT (id) DO NOTHING;
INSERT INTO mitarbeiter ("id", "vorname", "nachname", "email", "telefon", "rolle", "abteilung", "aktiv", "isGlobal", "projektId") VALUES ('fbbdb2b8-df05-4cbe-82c0-68e9a077baf8', 'Balázs', 'Barna', 'b.barna@methabau.ch', NULL, 'Ausführungsplaner BIM', 'METHABAU', NULL, NULL, NULL) ON CONFLICT (id) DO NOTHING;
INSERT INTO mitarbeiter ("id", "vorname", "nachname", "email", "telefon", "rolle", "abteilung", "aktiv", "isGlobal", "projektId") VALUES ('fe105053-c06f-4a69-8287-93c107a75e4f', 'Adrian', 'Sennhauser', 'a.sennhauser@methabau.ch', NULL, 'Bauleiter Service und Kundendienst', 'METHABAU', NULL, NULL, NULL) ON CONFLICT (id) DO NOTHING;

-- WORKERS (6 rows)
INSERT INTO workers ("id", "vorname", "nachname", "rolle", "abteilung", "aktiv", "isGlobal", "projektId") VALUES ('119524e7-9a09-4c93-9991-145f629c9ad1', NULL, NULL, NULL, NULL, NULL, NULL, NULL) ON CONFLICT (id) DO NOTHING;
INSERT INTO workers ("id", "vorname", "nachname", "rolle", "abteilung", "aktiv", "isGlobal", "projektId") VALUES ('3c671967-c08f-40e9-820f-52f0cac7329b', NULL, NULL, NULL, NULL, NULL, NULL, NULL) ON CONFLICT (id) DO NOTHING;
INSERT INTO workers ("id", "vorname", "nachname", "rolle", "abteilung", "aktiv", "isGlobal", "projektId") VALUES ('54d76dc8-b839-462a-9b5c-13e750dc02ca', NULL, NULL, NULL, NULL, NULL, NULL, NULL) ON CONFLICT (id) DO NOTHING;
INSERT INTO workers ("id", "vorname", "nachname", "rolle", "abteilung", "aktiv", "isGlobal", "projektId") VALUES ('a1e3b172-ddcf-469e-899c-a3f81d4af9b3', NULL, NULL, NULL, NULL, NULL, NULL, NULL) ON CONFLICT (id) DO NOTHING;
INSERT INTO workers ("id", "vorname", "nachname", "rolle", "abteilung", "aktiv", "isGlobal", "projektId") VALUES ('aca55cbc-cbc4-4882-ba90-bd076bfa8b9f', NULL, NULL, NULL, NULL, NULL, NULL, NULL) ON CONFLICT (id) DO NOTHING;
INSERT INTO workers ("id", "vorname", "nachname", "rolle", "abteilung", "aktiv", "isGlobal", "projektId") VALUES ('f9c6c934-fb7f-4300-9bf9-1955c28c264f', NULL, NULL, NULL, NULL, NULL, NULL, NULL) ON CONFLICT (id) DO NOTHING;

-- FAHRZEUGE (71 rows)
INSERT INTO fahrzeuge ("id", "bezeichnung", "name", "typ", "status", "standort", "geprueftBis", "kennzeichen", "bemerkung") VALUES ('03a40ed1-4867-47d0-a514-37481d696a42', 'Ahlmann AS900', NULL, 'AS900', 'reserviert', NULL, NULL, NULL, NULL) ON CONFLICT (id) DO NOTHING;
INSERT INTO fahrzeuge ("id", "bezeichnung", "name", "typ", "status", "standort", "geprueftBis", "kennzeichen", "bemerkung") VALUES ('0407d69c-6441-4ed7-882e-24dff492f623', 'Genie S65', NULL, 'S65', 'in_wartung', NULL, 'bis 6.2024', NULL, NULL) ON CONFLICT (id) DO NOTHING;
INSERT INTO fahrzeuge ("id", "bezeichnung", "name", "typ", "status", "standort", "geprueftBis", "kennzeichen", "bemerkung") VALUES ('0a800554-443b-456c-b9d9-ef24ae381c14', 'Haulotte Compact 10N', NULL, 'Compact 10N', 'verfuegbar', NULL, 'bis 05.2025', NULL, NULL) ON CONFLICT (id) DO NOTHING;
INSERT INTO fahrzeuge ("id", "bezeichnung", "name", "typ", "status", "standort", "geprueftBis", "kennzeichen", "bemerkung") VALUES ('0f9ddb89-d92e-44d5-bd11-8ab2687d133c', 'Takeuchi TB 250', NULL, 'TB 250', 'ausser_betrieb', NULL, NULL, NULL, NULL) ON CONFLICT (id) DO NOTHING;
INSERT INTO fahrzeuge ("id", "bezeichnung", "name", "typ", "status", "standort", "geprueftBis", "kennzeichen", "bemerkung") VALUES ('18b9471a-eda6-4390-adfe-8b0c8b90aefc', 'Wacker Neuson TH412', NULL, 'TH412', 'reserviert', NULL, 'bis 01.2022', NULL, NULL) ON CONFLICT (id) DO NOTHING;
INSERT INTO fahrzeuge ("id", "bezeichnung", "name", "typ", "status", "standort", "geprueftBis", "kennzeichen", "bemerkung") VALUES ('1fc135c6-8f0b-4d18-a020-8b3464755e71', 'Aichi RM 040', NULL, 'RM 040', 'verfuegbar', NULL, 'bis 11.2025', NULL, NULL) ON CONFLICT (id) DO NOTHING;
INSERT INTO fahrzeuge ("id", "bezeichnung", "name", "typ", "status", "standort", "geprueftBis", "kennzeichen", "bemerkung") VALUES ('2b6f4726-cd1a-49f1-8a6a-66ac4ed5b2d3', 'JLG 41 AM', NULL, '41 AM', 'verfuegbar', NULL, 'bis 09.2025', NULL, NULL) ON CONFLICT (id) DO NOTHING;
INSERT INTO fahrzeuge ("id", "bezeichnung", "name", "typ", "status", "standort", "geprueftBis", "kennzeichen", "bemerkung") VALUES ('38784895-2d17-4444-961b-8f702697c50d', 'Genie Z-45/25JRT', NULL, 'Z-45/25JRT', 'verfuegbar', NULL, 'bis 05.2025', NULL, NULL) ON CONFLICT (id) DO NOTHING;
INSERT INTO fahrzeuge ("id", "bezeichnung", "name", "typ", "status", "standort", "geprueftBis", "kennzeichen", "bemerkung") VALUES ('39e61e51-63bd-4534-8d0f-993e49864a83', 'Snorkel AB60JRT', NULL, 'AB60JRT', 'verfuegbar', NULL, 'bis 07.2025', NULL, NULL) ON CONFLICT (id) DO NOTHING;
INSERT INTO fahrzeuge ("id", "bezeichnung", "name", "typ", "status", "standort", "geprueftBis", "kennzeichen", "bemerkung") VALUES ('4570340c-9a89-4e26-bec6-d540d65b845d', 'Genie GS2646', NULL, 'GS2646', 'verfuegbar', NULL, 'bis 02.2025', NULL, NULL) ON CONFLICT (id) DO NOTHING;
INSERT INTO fahrzeuge ("id", "bezeichnung", "name", "typ", "status", "standort", "geprueftBis", "kennzeichen", "bemerkung") VALUES ('482d0c7f-f6a4-4d34-867f-19181f9ebed3', 'Liebherr 63K', NULL, '63K', 'verfuegbar', NULL, 'bis 04.2026', NULL, NULL) ON CONFLICT (id) DO NOTHING;
INSERT INTO fahrzeuge ("id", "bezeichnung", "name", "typ", "status", "standort", "geprueftBis", "kennzeichen", "bemerkung") VALUES ('4d749a1d-5dd0-4c4a-8b08-611ca1c6cc51', 'Genie GS 2646', NULL, 'GS 2646', 'verfuegbar', NULL, 'bis 01.2026', NULL, NULL) ON CONFLICT (id) DO NOTHING;
INSERT INTO fahrzeuge ("id", "bezeichnung", "name", "typ", "status", "standort", "geprueftBis", "kennzeichen", "bemerkung") VALUES ('4e496edf-7a9f-4611-bbfb-d1043eb6ba0e', 'Haulotte Compact 10N', NULL, 'Compact 10N', 'verfuegbar', NULL, 'bis 05.2025', NULL, NULL) ON CONFLICT (id) DO NOTHING;
INSERT INTO fahrzeuge ("id", "bezeichnung", "name", "typ", "status", "standort", "geprueftBis", "kennzeichen", "bemerkung") VALUES ('4e7152bd-d881-44c0-9dfe-6e29f29e23a9', 'Tadano AC-40-1-80102', NULL, 'AC-40-1-80102', 'verfuegbar', NULL, 'bis 6.2026', NULL, NULL) ON CONFLICT (id) DO NOTHING;
INSERT INTO fahrzeuge ("id", "bezeichnung", "name", "typ", "status", "standort", "geprueftBis", "kennzeichen", "bemerkung") VALUES ('4ff15c6e-2684-4b34-9892-06f8c9488b19', 'Genie Z-45/25JRT', NULL, 'Z-45/25JRT', 'verfuegbar', NULL, 'bis 7.2025', NULL, NULL) ON CONFLICT (id) DO NOTHING;
INSERT INTO fahrzeuge ("id", "bezeichnung", "name", "typ", "status", "standort", "geprueftBis", "kennzeichen", "bemerkung") VALUES ('523b7548-ed03-4d8d-8421-386f177828a9', 'Genie GS 3246', NULL, 'GS 3246', 'verfuegbar', NULL, 'bis 11.2025', NULL, NULL) ON CONFLICT (id) DO NOTHING;
INSERT INTO fahrzeuge ("id", "bezeichnung", "name", "typ", "status", "standort", "geprueftBis", "kennzeichen", "bemerkung") VALUES ('553f7266-7957-49c8-bc64-d1c56b7e5b3c', 'Genie GS1932', NULL, 'GS1932', 'verfuegbar', NULL, 'bis 06.2026', NULL, NULL) ON CONFLICT (id) DO NOTHING;
INSERT INTO fahrzeuge ("id", "bezeichnung", "name", "typ", "status", "standort", "geprueftBis", "kennzeichen", "bemerkung") VALUES ('5579ab5c-6421-4b6c-8bc7-11549dc45426', 'Liebherr 35K', NULL, '35K', 'verfuegbar', NULL, 'bis Okt. 20', NULL, NULL) ON CONFLICT (id) DO NOTHING;
INSERT INTO fahrzeuge ("id", "bezeichnung", "name", "typ", "status", "standort", "geprueftBis", "kennzeichen", "bemerkung") VALUES ('572e5d3a-d7f8-4152-92cb-ac4bbda0e36a', 'Haulotte HA SPX 18', NULL, 'HA SPX 18', 'verfuegbar', NULL, 'bis.03.2026', NULL, NULL) ON CONFLICT (id) DO NOTHING;
INSERT INTO fahrzeuge ("id", "bezeichnung", "name", "typ", "status", "standort", "geprueftBis", "kennzeichen", "bemerkung") VALUES ('5744a55c-a22b-440f-bb71-5f181b7c5f7c', 'Genie GS 2646', NULL, 'GS 2646', 'verfuegbar', NULL, 'bis 06.2026', NULL, NULL) ON CONFLICT (id) DO NOTHING;
INSERT INTO fahrzeuge ("id", "bezeichnung", "name", "typ", "status", "standort", "geprueftBis", "kennzeichen", "bemerkung") VALUES ('5b37cac6-7037-43a0-953b-2dca58ddd182', 'Genie GS-3246', NULL, 'GS-3246', 'verfuegbar', NULL, 'bis 03.2025', NULL, NULL) ON CONFLICT (id) DO NOTHING;
INSERT INTO fahrzeuge ("id", "bezeichnung", "name", "typ", "status", "standort", "geprueftBis", "kennzeichen", "bemerkung") VALUES ('5cff4657-e9ba-4892-9160-95afedf34be5', 'Skyline 4Feet 17.75s', NULL, '4Feet 17.75s', 'verfuegbar', NULL, 'bis 11.2023', NULL, NULL) ON CONFLICT (id) DO NOTHING;
INSERT INTO fahrzeuge ("id", "bezeichnung", "name", "typ", "status", "standort", "geprueftBis", "kennzeichen", "bemerkung") VALUES ('5dc88085-fd2f-4d69-aa92-93ff04ad8b3c', 'Genie GS-3246', NULL, 'GS-3246', 'verfuegbar', NULL, 'bis 03.2026', NULL, NULL) ON CONFLICT (id) DO NOTHING;
INSERT INTO fahrzeuge ("id", "bezeichnung", "name", "typ", "status", "standort", "geprueftBis", "kennzeichen", "bemerkung") VALUES ('5fe8765e-313b-4ada-bf43-f6819c5a60eb', 'Upright TM 12', NULL, 'TM 12', 'verfuegbar', NULL, 'bis 08.2025', NULL, NULL) ON CONFLICT (id) DO NOTHING;
INSERT INTO fahrzeuge ("id", "bezeichnung", "name", "typ", "status", "standort", "geprueftBis", "kennzeichen", "bemerkung") VALUES ('64ea7363-6ca6-469c-9672-a024b38b7f4f', 'Upright TM 12', NULL, 'TM 12', 'verfuegbar', NULL, 'bis 08.2025', NULL, NULL) ON CONFLICT (id) DO NOTHING;
INSERT INTO fahrzeuge ("id", "bezeichnung", "name", "typ", "status", "standort", "geprueftBis", "kennzeichen", "bemerkung") VALUES ('67318376-7fe0-4f5c-8649-78e5f0f21193', 'Liebherr 35K', NULL, '35K', 'verfuegbar', NULL, 'bis März 23', NULL, NULL) ON CONFLICT (id) DO NOTHING;
INSERT INTO fahrzeuge ("id", "bezeichnung", "name", "typ", "status", "standort", "geprueftBis", "kennzeichen", "bemerkung") VALUES ('682b3b19-242d-40af-8e4e-cb10562f643f', 'Tadano AC-40-1-80102', NULL, 'AC-40-1-80102', 'verfuegbar', NULL, 'bis 08.2025', NULL, NULL) ON CONFLICT (id) DO NOTHING;
INSERT INTO fahrzeuge ("id", "bezeichnung", "name", "typ", "status", "standort", "geprueftBis", "kennzeichen", "bemerkung") VALUES ('719af495-5fd3-4cc8-b7ed-977dd5a50a26', 'Upright TM 12', NULL, 'TM 12', 'verfuegbar', NULL, 'bis 06.2026', NULL, NULL) ON CONFLICT (id) DO NOTHING;
INSERT INTO fahrzeuge ("id", "bezeichnung", "name", "typ", "status", "standort", "geprueftBis", "kennzeichen", "bemerkung") VALUES ('71f6813e-9d95-4b0c-91d2-04d1ff24c429', 'Tadano AC-40-1-80102', NULL, 'AC-40-1-80102', 'verfuegbar', NULL, NULL, NULL, NULL) ON CONFLICT (id) DO NOTHING;
INSERT INTO fahrzeuge ("id", "bezeichnung", "name", "typ", "status", "standort", "geprueftBis", "kennzeichen", "bemerkung") VALUES ('761d798d-07aa-4cb2-99d2-02ce15f67a88', 'Tadano AC-40-1-80102', NULL, 'AC-40-1-80102', 'verfuegbar', NULL, NULL, NULL, NULL) ON CONFLICT (id) DO NOTHING;
INSERT INTO fahrzeuge ("id", "bezeichnung", "name", "typ", "status", "standort", "geprueftBis", "kennzeichen", "bemerkung") VALUES ('766da225-f3ec-45cf-89e9-c09485205e5b', 'Liebherr 102 KRN', NULL, '102 KRN', 'verfuegbar', NULL, 'bis 11.02.2021', NULL, NULL) ON CONFLICT (id) DO NOTHING;
INSERT INTO fahrzeuge ("id", "bezeichnung", "name", "typ", "status", "standort", "geprueftBis", "kennzeichen", "bemerkung") VALUES ('823c99b0-9377-4ff1-a17d-35fc23e76d2c', 'Tadano AC-40-1-80102', NULL, 'AC-40-1-80102', 'verfuegbar', NULL, 'bis 2.2026', NULL, NULL) ON CONFLICT (id) DO NOTHING;
INSERT INTO fahrzeuge ("id", "bezeichnung", "name", "typ", "status", "standort", "geprueftBis", "kennzeichen", "bemerkung") VALUES ('832712e6-a7a6-4120-8a2e-24bc9f0a7e4c', 'Yanmar Ruki 1200', NULL, 'Ruki 1200', 'verfuegbar', NULL, 'bis 300h o. 2027', NULL, NULL) ON CONFLICT (id) DO NOTHING;
INSERT INTO fahrzeuge ("id", "bezeichnung", "name", "typ", "status", "standort", "geprueftBis", "kennzeichen", "bemerkung") VALUES ('83f82698-3df1-40fa-bd01-8081bded2818', 'Wacker-Neusohn None', NULL, NULL, 'verfuegbar', NULL, NULL, NULL, NULL) ON CONFLICT (id) DO NOTHING;
INSERT INTO fahrzeuge ("id", "bezeichnung", "name", "typ", "status", "standort", "geprueftBis", "kennzeichen", "bemerkung") VALUES ('8509caa1-3a34-4154-bcda-f15e028ee9e1', 'Sennebogen 673R', NULL, '673R', 'verfuegbar', NULL, 'bis 2024', NULL, NULL) ON CONFLICT (id) DO NOTHING;
INSERT INTO fahrzeuge ("id", "bezeichnung", "name", "typ", "status", "standort", "geprueftBis", "kennzeichen", "bemerkung") VALUES ('8a8cb74d-5678-46a6-80d0-5454c4860567', 'Wacker Neuson WL20e', NULL, 'WL20e', 'verfuegbar', NULL, 'bis 12.2022', NULL, NULL) ON CONFLICT (id) DO NOTHING;
INSERT INTO fahrzeuge ("id", "bezeichnung", "name", "typ", "status", "standort", "geprueftBis", "kennzeichen", "bemerkung") VALUES ('8c644706-43cd-44ee-8c87-5cd601cc1688', 'Mauermat None', NULL, NULL, 'reserviert', NULL, 'bis 02.2026', NULL, NULL) ON CONFLICT (id) DO NOTHING;
INSERT INTO fahrzeuge ("id", "bezeichnung", "name", "typ", "status", "standort", "geprueftBis", "kennzeichen", "bemerkung") VALUES ('8da12000-0f97-458e-a57b-dee47721b7fe', 'Aichi RM 040', NULL, 'RM 040', 'verfuegbar', NULL, 'bis 04.2026', NULL, NULL) ON CONFLICT (id) DO NOTHING;
INSERT INTO fahrzeuge ("id", "bezeichnung", "name", "typ", "status", "standort", "geprueftBis", "kennzeichen", "bemerkung") VALUES ('8dafd13d-3d2d-4f0e-beb3-ac9dbe2a5039', 'Haulotte H 18 SX', NULL, 'H 18 SX', 'verfuegbar', NULL, 'bis 01.2026', NULL, NULL) ON CONFLICT (id) DO NOTHING;
INSERT INTO fahrzeuge ("id", "bezeichnung", "name", "typ", "status", "standort", "geprueftBis", "kennzeichen", "bemerkung") VALUES ('8f5c0daa-180a-4c07-830f-179d285debf0', 'Haulotte Compact 10N', NULL, 'Compact 10N', 'verfuegbar', NULL, 'bis 03.2023', NULL, NULL) ON CONFLICT (id) DO NOTHING;
INSERT INTO fahrzeuge ("id", "bezeichnung", "name", "typ", "status", "standort", "geprueftBis", "kennzeichen", "bemerkung") VALUES ('93ac1ab3-6853-4bd2-b431-400d6505027b', 'Aichi RM 040', NULL, 'RM 040', 'verfuegbar', NULL, NULL, NULL, NULL) ON CONFLICT (id) DO NOTHING;
INSERT INTO fahrzeuge ("id", "bezeichnung", "name", "typ", "status", "standort", "geprueftBis", "kennzeichen", "bemerkung") VALUES ('982cb0a2-f15c-426b-bd44-3722ac0b9f01', 'Wacker Neuson TH412', NULL, 'TH412', 'verfuegbar', NULL, 'bis 01.10.2022', NULL, NULL) ON CONFLICT (id) DO NOTHING;
INSERT INTO fahrzeuge ("id", "bezeichnung", "name", "typ", "status", "standort", "geprueftBis", "kennzeichen", "bemerkung") VALUES ('9f209ab0-baaa-456b-9d2e-206018aa1609', 'Aichi RM 040', NULL, 'RM 040', 'verfuegbar', NULL, 'bis 07.2024', NULL, NULL) ON CONFLICT (id) DO NOTHING;
INSERT INTO fahrzeuge ("id", "bezeichnung", "name", "typ", "status", "standort", "geprueftBis", "kennzeichen", "bemerkung") VALUES ('a048ac3d-e115-481e-9cc5-b8cf6f65d6a3', 'Genie GS2632', NULL, 'GS2632', 'verfuegbar', NULL, 'bis 07.2026', NULL, NULL) ON CONFLICT (id) DO NOTHING;
INSERT INTO fahrzeuge ("id", "bezeichnung", "name", "typ", "status", "standort", "geprueftBis", "kennzeichen", "bemerkung") VALUES ('a19eeb95-030d-4df1-aac8-048202a442bc', 'Haulotte Compact 12DX', NULL, 'Compact 12DX', 'verfuegbar', NULL, 'bis 10.2024', NULL, NULL) ON CONFLICT (id) DO NOTHING;
INSERT INTO fahrzeuge ("id", "bezeichnung", "name", "typ", "status", "standort", "geprueftBis", "kennzeichen", "bemerkung") VALUES ('a708c0dd-de34-45cc-b1ae-fa5ee44fad51', 'Leguan 160', NULL, '160', 'verfuegbar', NULL, 'bis 03.2026', NULL, NULL) ON CONFLICT (id) DO NOTHING;
INSERT INTO fahrzeuge ("id", "bezeichnung", "name", "typ", "status", "standort", "geprueftBis", "kennzeichen", "bemerkung") VALUES ('a7d5f32a-7c45-441b-b153-6fe51ed39854', 'Wacker Neuson TH412', NULL, 'TH412', 'verfuegbar', NULL, 'bis 02.2021', NULL, NULL) ON CONFLICT (id) DO NOTHING;
INSERT INTO fahrzeuge ("id", "bezeichnung", "name", "typ", "status", "standort", "geprueftBis", "kennzeichen", "bemerkung") VALUES ('a99c019b-4e70-4e52-a50f-5e44965d36bc', 'Haulotte Star 10', NULL, 'Star 10', 'verfuegbar', NULL, 'bis 07.2026', NULL, NULL) ON CONFLICT (id) DO NOTHING;
INSERT INTO fahrzeuge ("id", "bezeichnung", "name", "typ", "status", "standort", "geprueftBis", "kennzeichen", "bemerkung") VALUES ('ab3b0676-88f4-4dad-9a5c-d2a89984f57e', 'Spierings SK 2400-R', NULL, 'SK 2400-R', 'verfuegbar', NULL, 'Suva 06.2027', NULL, NULL) ON CONFLICT (id) DO NOTHING;
INSERT INTO fahrzeuge ("id", "bezeichnung", "name", "typ", "status", "standort", "geprueftBis", "kennzeichen", "bemerkung") VALUES ('acd2ac24-6f76-4279-baf2-05db81cf7f98', 'Hoeflon C10', NULL, 'C10', 'verfuegbar', NULL, 'Suva 02.2028', NULL, NULL) ON CONFLICT (id) DO NOTHING;
INSERT INTO fahrzeuge ("id", "bezeichnung", "name", "typ", "status", "standort", "geprueftBis", "kennzeichen", "bemerkung") VALUES ('b19ec7ad-2dcd-4144-b7de-f2b9b60f0a29', 'Aichi RM 040', NULL, 'RM 040', 'verfuegbar', NULL, 'bis 02.2026', NULL, NULL) ON CONFLICT (id) DO NOTHING;
INSERT INTO fahrzeuge ("id", "bezeichnung", "name", "typ", "status", "standort", "geprueftBis", "kennzeichen", "bemerkung") VALUES ('b6f19688-89db-45fa-85f8-209e51056faf', 'Upright TM 12', NULL, 'TM 12', 'verfuegbar', NULL, 'bis 01.2026', NULL, NULL) ON CONFLICT (id) DO NOTHING;
INSERT INTO fahrzeuge ("id", "bezeichnung", "name", "typ", "status", "standort", "geprueftBis", "kennzeichen", "bemerkung") VALUES ('b7582c75-f3d7-442a-b5b3-4a969c40347d', 'Manitou MT 1840 ST4', NULL, 'MT 1840 ST4', 'verfuegbar', NULL, 'SP 10.2025', NULL, NULL) ON CONFLICT (id) DO NOTHING;
INSERT INTO fahrzeuge ("id", "bezeichnung", "name", "typ", "status", "standort", "geprueftBis", "kennzeichen", "bemerkung") VALUES ('c17cafdd-a1b8-473f-ba16-1403090f60e7', 'Genie GS1932', NULL, 'GS1932', 'verfuegbar', NULL, 'bis 06.2026', NULL, NULL) ON CONFLICT (id) DO NOTHING;
INSERT INTO fahrzeuge ("id", "bezeichnung", "name", "typ", "status", "standort", "geprueftBis", "kennzeichen", "bemerkung") VALUES ('c1dc050c-2445-4c35-8a49-f00e886365ed', 'Hoeflon C6', NULL, 'C6', 'verfuegbar', NULL, 'Suva 02.2029', NULL, NULL) ON CONFLICT (id) DO NOTHING;
INSERT INTO fahrzeuge ("id", "bezeichnung", "name", "typ", "status", "standort", "geprueftBis", "kennzeichen", "bemerkung") VALUES ('c1ff7a9f-17db-4451-8788-71818b95b732', 'Genie S65', NULL, 'S65', 'verfuegbar', NULL, 'bis 01.2026', NULL, NULL) ON CONFLICT (id) DO NOTHING;
INSERT INTO fahrzeuge ("id", "bezeichnung", "name", "typ", "status", "standort", "geprueftBis", "kennzeichen", "bemerkung") VALUES ('c75837b2-65dd-4b84-965c-12e27246f7b3', 'Leguan 160', NULL, '160', 'verfuegbar', NULL, 'bis 08.2026', NULL, NULL) ON CONFLICT (id) DO NOTHING;
INSERT INTO fahrzeuge ("id", "bezeichnung", "name", "typ", "status", "standort", "geprueftBis", "kennzeichen", "bemerkung") VALUES ('c8d1e392-97ce-47b2-8171-49c32146a7f8', 'Wacker Neuson TH412', NULL, 'TH412', 'verfuegbar', NULL, 'bis 07.2022', NULL, NULL) ON CONFLICT (id) DO NOTHING;
INSERT INTO fahrzeuge ("id", "bezeichnung", "name", "typ", "status", "standort", "geprueftBis", "kennzeichen", "bemerkung") VALUES ('c8ef4e25-7d51-4e37-a165-74b71e99e4cf', 'Wacker Neuson TH412', NULL, 'TH412', 'verfuegbar', NULL, NULL, NULL, NULL) ON CONFLICT (id) DO NOTHING;
INSERT INTO fahrzeuge ("id", "bezeichnung", "name", "typ", "status", "standort", "geprueftBis", "kennzeichen", "bemerkung") VALUES ('cbeea820-12c4-49aa-9f9f-f001059f7837', 'Manitou MT 1440EP', NULL, 'MT 1440EP', 'verfuegbar', NULL, 'Bis 05.2025', NULL, NULL) ON CONFLICT (id) DO NOTHING;
INSERT INTO fahrzeuge ("id", "bezeichnung", "name", "typ", "status", "standort", "geprueftBis", "kennzeichen", "bemerkung") VALUES ('cc1d37b9-48fb-42a3-8a1f-b6394a242ec6', 'Spierings SK 2400-R', NULL, 'SK 2400-R', 'verfuegbar', NULL, 'Suva 04.2026', NULL, NULL) ON CONFLICT (id) DO NOTHING;
INSERT INTO fahrzeuge ("id", "bezeichnung", "name", "typ", "status", "standort", "geprueftBis", "kennzeichen", "bemerkung") VALUES ('cf795d46-0d98-4309-9092-93dfcc8a0fd5', 'Genie GS2646', NULL, 'GS2646', 'verfuegbar', NULL, 'bis 01.2026', NULL, NULL) ON CONFLICT (id) DO NOTHING;
INSERT INTO fahrzeuge ("id", "bezeichnung", "name", "typ", "status", "standort", "geprueftBis", "kennzeichen", "bemerkung") VALUES ('d071cc93-3d21-49cb-b897-7ac7917ddd7d', 'Genie GS2646', NULL, 'GS2646', 'verfuegbar', NULL, 'bis 08.2025', NULL, NULL) ON CONFLICT (id) DO NOTHING;
INSERT INTO fahrzeuge ("id", "bezeichnung", "name", "typ", "status", "standort", "geprueftBis", "kennzeichen", "bemerkung") VALUES ('d4239518-532a-4b88-9275-b0c679c0b3fc', 'Takeuchi TB 210 R', NULL, 'TB 210 R', 'verfuegbar', NULL, 'bis 9.2023', NULL, NULL) ON CONFLICT (id) DO NOTHING;
INSERT INTO fahrzeuge ("id", "bezeichnung", "name", "typ", "status", "standort", "geprueftBis", "kennzeichen", "bemerkung") VALUES ('e48b2cc3-b6b7-4e3e-8e50-020ad274f5c4', 'Haulotte HA20PX', NULL, 'HA20PX', 'verfuegbar', NULL, 'bis 10.2025', NULL, NULL) ON CONFLICT (id) DO NOTHING;
INSERT INTO fahrzeuge ("id", "bezeichnung", "name", "typ", "status", "standort", "geprueftBis", "kennzeichen", "bemerkung") VALUES ('e9045f5c-e6e2-4c48-ad27-8d024720f3b6', 'Manitou 150TP', NULL, '150TP', 'verfuegbar', NULL, 'bis 8.2025', NULL, NULL) ON CONFLICT (id) DO NOTHING;
INSERT INTO fahrzeuge ("id", "bezeichnung", "name", "typ", "status", "standort", "geprueftBis", "kennzeichen", "bemerkung") VALUES ('e9338100-8648-41f9-9410-46f1962d3d7c', 'Haulotte HA 16PE', NULL, 'HA 16PE', 'verfuegbar', NULL, 'bis 05.2024', NULL, NULL) ON CONFLICT (id) DO NOTHING;
INSERT INTO fahrzeuge ("id", "bezeichnung", "name", "typ", "status", "standort", "geprueftBis", "kennzeichen", "bemerkung") VALUES ('f0dabcb1-779a-4751-9fd7-928243638d41', 'Mauermat None', NULL, NULL, 'verfuegbar', NULL, 'bis 02.2026', NULL, NULL) ON CONFLICT (id) DO NOTHING;
INSERT INTO fahrzeuge ("id", "bezeichnung", "name", "typ", "status", "standort", "geprueftBis", "kennzeichen", "bemerkung") VALUES ('f136c4ac-d5fe-4679-94fe-bf645cca93a2', 'Genie GS1932', NULL, 'GS1932', 'verfuegbar', NULL, 'bis 07.2026', NULL, NULL) ON CONFLICT (id) DO NOTHING;
INSERT INTO fahrzeuge ("id", "bezeichnung", "name", "typ", "status", "standort", "geprueftBis", "kennzeichen", "bemerkung") VALUES ('f316bf3f-87b3-4f50-bf2e-554e188aaa7e', 'Wacker Neuson EZ 28', NULL, 'EZ 28', 'verfuegbar', NULL, NULL, NULL, NULL) ON CONFLICT (id) DO NOTHING;
INSERT INTO fahrzeuge ("id", "bezeichnung", "name", "typ", "status", "standort", "geprueftBis", "kennzeichen", "bemerkung") VALUES ('f590b298-d962-4c9b-a7b7-85fa5c52c999', 'Wacker Neuson TH412', NULL, 'TH412', 'verfuegbar', NULL, 'bis 08.2025', NULL, NULL) ON CONFLICT (id) DO NOTHING;

-- FAHRZEUG_RESERVIERUNGEN (2 rows)
INSERT INTO fahrzeug_reservierungen ("id", "fahrzeugId", "projektId", "mitarbeiterId", "startDatum", "endDatum", "zweck", "status") VALUES ('c6f93b0c-9ea5-4d25-bfff-4251fa617de9', '03a40ed1-4867-47d0-a514-37481d696a42', '29ff60bc-8e31-4085-b77a-01fe273d56e0', NULL, NULL, NULL, NULL, NULL) ON CONFLICT (id) DO NOTHING;
INSERT INTO fahrzeug_reservierungen ("id", "fahrzeugId", "projektId", "mitarbeiterId", "startDatum", "endDatum", "zweck", "status") VALUES ('ecef75df-8dad-40c9-ad87-7e84fb9b3991', '8c644706-43cd-44ee-8c87-5cd601cc1688', '29ff60bc-8e31-4085-b77a-01fe273d56e0', NULL, NULL, NULL, NULL, NULL) ON CONFLICT (id) DO NOTHING;

-- LAGERORTE (4 rows)
INSERT INTO lagerorte ("id", "projektId", "name", "beschreibung", "typ", "image") VALUES ('a251a0b5-8a91-4788-83da-9e9375e34b8f', '29ff60bc-8e31-4085-b77a-01fe273d56e0', NULL, '', NULL, NULL) ON CONFLICT (id) DO NOTHING;
INSERT INTO lagerorte ("id", "projektId", "name", "beschreibung", "typ", "image") VALUES ('c7558ef6-6a76-4c76-8c88-80c5f8161dac', '29ff60bc-8e31-4085-b77a-01fe273d56e0', NULL, '', NULL, NULL) ON CONFLICT (id) DO NOTHING;
INSERT INTO lagerorte ("id", "projektId", "name", "beschreibung", "typ", "image") VALUES ('c857f1dc-c7ff-4383-b826-52d071ad17b8', '29ff60bc-8e31-4085-b77a-01fe273d56e0', NULL, '', NULL, NULL) ON CONFLICT (id) DO NOTHING;
INSERT INTO lagerorte ("id", "projektId", "name", "beschreibung", "typ", "image") VALUES ('d1792b36-69e8-4986-bb63-1a86f92bcd8e', '29ff60bc-8e31-4085-b77a-01fe273d56e0', NULL, '', NULL, NULL) ON CONFLICT (id) DO NOTHING;

-- LAGERBEWEGUNGEN (10 rows)
INSERT INTO lagerbewegungen ("id", "lagerortId", "projektId", "typ", "bezeichnung", "menge", "einheit", "datum", "benutzer", "bemerkung") VALUES ('443b7b3c-2e8c-483e-8c8a-57088caed569', NULL, '29ff60bc-8e31-4085-b77a-01fe273d56e0', 'einlagerung', NULL, NULL, NULL, NULL, NULL, NULL) ON CONFLICT (id) DO NOTHING;
INSERT INTO lagerbewegungen ("id", "lagerortId", "projektId", "typ", "bezeichnung", "menge", "einheit", "datum", "benutzer", "bemerkung") VALUES ('50486839-fff3-4387-8879-030971f1bcca', NULL, '29ff60bc-8e31-4085-b77a-01fe273d56e0', 'einlagerung', NULL, NULL, NULL, NULL, NULL, NULL) ON CONFLICT (id) DO NOTHING;
INSERT INTO lagerbewegungen ("id", "lagerortId", "projektId", "typ", "bezeichnung", "menge", "einheit", "datum", "benutzer", "bemerkung") VALUES ('6670ed02-f1ea-4156-b333-7e712f643df4', NULL, '29ff60bc-8e31-4085-b77a-01fe273d56e0', 'auslagerung', NULL, NULL, NULL, NULL, NULL, NULL) ON CONFLICT (id) DO NOTHING;
INSERT INTO lagerbewegungen ("id", "lagerortId", "projektId", "typ", "bezeichnung", "menge", "einheit", "datum", "benutzer", "bemerkung") VALUES ('7c98116c-a4ec-4bdf-aec9-7a68224a99b7', NULL, '29ff60bc-8e31-4085-b77a-01fe273d56e0', 'einlagerung', NULL, NULL, NULL, NULL, NULL, NULL) ON CONFLICT (id) DO NOTHING;
INSERT INTO lagerbewegungen ("id", "lagerortId", "projektId", "typ", "bezeichnung", "menge", "einheit", "datum", "benutzer", "bemerkung") VALUES ('8575154a-d106-4d5d-a879-478a08e60d60', NULL, '29ff60bc-8e31-4085-b77a-01fe273d56e0', 'einlagerung', NULL, NULL, NULL, NULL, NULL, NULL) ON CONFLICT (id) DO NOTHING;
INSERT INTO lagerbewegungen ("id", "lagerortId", "projektId", "typ", "bezeichnung", "menge", "einheit", "datum", "benutzer", "bemerkung") VALUES ('aba13f89-b0e8-47c7-a55f-92461eeb9f49', NULL, '29ff60bc-8e31-4085-b77a-01fe273d56e0', 'einlagerung', NULL, NULL, NULL, NULL, NULL, NULL) ON CONFLICT (id) DO NOTHING;
INSERT INTO lagerbewegungen ("id", "lagerortId", "projektId", "typ", "bezeichnung", "menge", "einheit", "datum", "benutzer", "bemerkung") VALUES ('b1d3a3d6-b9ba-49d3-97f4-0e224a190f58', NULL, '29ff60bc-8e31-4085-b77a-01fe273d56e0', 'einlagerung', NULL, NULL, NULL, NULL, NULL, NULL) ON CONFLICT (id) DO NOTHING;
INSERT INTO lagerbewegungen ("id", "lagerortId", "projektId", "typ", "bezeichnung", "menge", "einheit", "datum", "benutzer", "bemerkung") VALUES ('d52d5b93-e953-4465-92b3-4676f81ad7d4', NULL, '29ff60bc-8e31-4085-b77a-01fe273d56e0', 'einlagerung', NULL, NULL, NULL, NULL, NULL, NULL) ON CONFLICT (id) DO NOTHING;
INSERT INTO lagerbewegungen ("id", "lagerortId", "projektId", "typ", "bezeichnung", "menge", "einheit", "datum", "benutzer", "bemerkung") VALUES ('dd62f17e-8623-4abe-a139-50b7765f6863', NULL, '29ff60bc-8e31-4085-b77a-01fe273d56e0', 'einlagerung', NULL, NULL, NULL, NULL, NULL, NULL) ON CONFLICT (id) DO NOTHING;
INSERT INTO lagerbewegungen ("id", "lagerortId", "projektId", "typ", "bezeichnung", "menge", "einheit", "datum", "benutzer", "bemerkung") VALUES ('f4e5adc0-907a-4a5c-8020-f79d1756080a', NULL, '29ff60bc-8e31-4085-b77a-01fe273d56e0', 'einlagerung', NULL, NULL, NULL, NULL, NULL, NULL) ON CONFLICT (id) DO NOTHING;

-- BESTELLUNGEN (4 rows)
INSERT INTO bestellungen ("id", "projektId", "status", "bestelldatum", "bestelltVon", "containerBez", "items", "bemerkung") VALUES ('63db6ba6-1ec7-4ee2-a190-3dd45e47c3a5', '2a7fa0e3-9c26-4e38-9d13-c6537a1ec7b9', 'versendet', '2026-02-26T13:59:31.871Z', 'A.Methabau', '10 000 57 - Innloc Rothenburg', '[{"id":"item-1772203233792-0","materialName":"Stromverteiler","menge":2,"einheit":"Stk","vorbereitet":true},{"id":"item-1772203233792-1","materialName":"Stromkabel 72 mm","menge":60,"einheit":"m","vorbereitet":false,"bemerkung":"Mit Bobine Halter"}]', '') ON CONFLICT (id) DO NOTHING;
INSERT INTO bestellungen ("id", "projektId", "status", "bestelldatum", "bestelltVon", "containerBez", "items", "bemerkung") VALUES ('a6a2b595-a804-4878-84ca-2623d6df7f7d', '29ff60bc-8e31-4085-b77a-01fe273d56e0', 'versendet', '2026-02-24T12:18:48.579Z', 'A.Methabau', 'GAZ Beringen', '[{"id":"item-1771935528579-0","materialName":"Kantholz","menge":5,"einheit":"Stk","vorbereitet":true},{"id":"item-1771935528579-1","materialName":"Schalbrett","menge":10,"einheit":"Stk","vorbereitet":true},{"id":"item-1771935528579-2","materialName":"Schrauben M10","menge":7,"einheit":"Stk","vorbereitet":true,"tsnummer":"3030"}]', 'Bitte auf Lieferwage bereitstellen') ON CONFLICT (id) DO NOTHING;
INSERT INTO bestellungen ("id", "projektId", "status", "bestelldatum", "bestelltVon", "containerBez", "items", "bemerkung") VALUES ('c4b66153-9c9d-42fe-b7e5-52ab7b78616f', '29ff60bc-8e31-4085-b77a-01fe273d56e0', 'versendet', '2026-03-01T15:25:04.036Z', 'A.Methabau', 'GAZ Beringen', '[{"id":"item-1772832476565-0","materialName":"Kantholz","menge":4,"einheit":"Stk","vorbereitet":false},{"id":"item-1772832476565-1","materialName":"kabelrolle","menge":4,"einheit":"Stk","vorbereitet":false},{"id":"item-1772832476565-2","materialName":"Schalbrett","menge":22,"einheit":"Stk","vorbereitet":false},{"id":"item-1772832476565-3","materialName":"Bohremaschine","menge":1,"einheit":"Stk","vorbereitet":false}]', 'Mit Transport Buschor') ON CONFLICT (id) DO NOTHING;
INSERT INTO bestellungen ("id", "projektId", "status", "bestelldatum", "bestelltVon", "containerBez", "items", "bemerkung") VALUES ('e68e4c5a-31c6-47b2-bd0b-8723f9666354', '29ff60bc-8e31-4085-b77a-01fe273d56e0', 'versendet', '2026-02-25T08:56:14.922Z', 'A.Methabau', '1000222 - GAZ Beringen', '[{"id":"item-1772029933587-0","materialName":"Kantholz","menge":4,"einheit":"Stk","vorbereitet":true},{"id":"item-1772029933587-1","materialName":"Schalbrett","menge":3,"einheit":"Stk","vorbereitet":true}]', 'lkejflksdjlfk') ON CONFLICT (id) DO NOTHING;

-- TEAMS (2 rows)
INSERT INTO teams ("id", "name", "projektId", "beschreibung") VALUES ('339fe09e-9945-401d-88cb-79cfaf341058', 'Alpha', '29ff60bc-8e31-4085-b77a-01fe273d56e0', NULL) ON CONFLICT (id) DO NOTHING;
INSERT INTO teams ("id", "name", "projektId", "beschreibung") VALUES ('cdb24c50-7402-4a75-ba52-d135c04353ae', 'Beta', '29ff60bc-8e31-4085-b77a-01fe273d56e0', NULL) ON CONFLICT (id) DO NOTHING;

-- TEAM_MEMBERS (4 rows)
INSERT INTO team_members ("id", "teamId", "workerId", "rolle") VALUES ('479e96b8-2c9b-4d24-a69f-0ad24106f843', '339fe09e-9945-401d-88cb-79cfaf341058', NULL, NULL) ON CONFLICT (id) DO NOTHING;
INSERT INTO team_members ("id", "teamId", "workerId", "rolle") VALUES ('60b3c857-af76-469d-bcc8-8427c76d68fd', '339fe09e-9945-401d-88cb-79cfaf341058', NULL, NULL) ON CONFLICT (id) DO NOTHING;
INSERT INTO team_members ("id", "teamId", "workerId", "rolle") VALUES ('65b49dc4-4742-4572-9dd0-85c9f1fdf474', 'cdb24c50-7402-4a75-ba52-d135c04353ae', NULL, NULL) ON CONFLICT (id) DO NOTHING;
INSERT INTO team_members ("id", "teamId", "workerId", "rolle") VALUES ('726ff4fd-3d59-43c4-a312-d86df1ce1220', 'cdb24c50-7402-4a75-ba52-d135c04353ae', NULL, NULL) ON CONFLICT (id) DO NOTHING;

-- TASKS (10 rows)
INSERT INTO tasks ("id", "teamId", "projektId", "teilsystemId", "title", "description", "status", "priority", "assignedTo", "dueDate", "sourceType") VALUES ('1134963e-8927-45c8-b259-3b4f3c846c86', NULL, '29ff60bc-8e31-4085-b77a-01fe273d56e0', NULL, '1631 - Einlagewinkel', NULL, 'Offen', 'Mittel', NULL, NULL, 'ts') ON CONFLICT (id) DO NOTHING;
INSERT INTO tasks ("id", "teamId", "projektId", "teilsystemId", "title", "description", "status", "priority", "assignedTo", "dueDate", "sourceType") VALUES ('186f0141-1423-495a-a20f-ab5e26c58b30', NULL, '29ff60bc-8e31-4085-b77a-01fe273d56e0', NULL, NULL, NULL, 'Erledigt', NULL, NULL, NULL, NULL) ON CONFLICT (id) DO NOTHING;
INSERT INTO tasks ("id", "teamId", "projektId", "teilsystemId", "title", "description", "status", "priority", "assignedTo", "dueDate", "sourceType") VALUES ('224ddca9-a73d-4640-9bf3-566eb179e02e', NULL, '29ff60bc-8e31-4085-b77a-01fe273d56e0', NULL, 'TS 2402 - Stahlauswechslungen Treppenhaus WT', 'Teilsystem ist nicht mehr Abteilung Bau.', 'Blockiert', 'Mittel', NULL, NULL, 'ts') ON CONFLICT (id) DO NOTHING;
INSERT INTO tasks ("id", "teamId", "projektId", "teilsystemId", "title", "description", "status", "priority", "assignedTo", "dueDate", "sourceType") VALUES ('623e77ac-9405-4e72-84d7-a15d79440ddd', NULL, '29ff60bc-8e31-4085-b77a-01fe273d56e0', NULL, 'TS 1121 - 1121 Trägeraufsatz Rühlwand', 'Teilsystem ist nicht mehr Abteilung Bau.', 'Blockiert', 'Mittel', NULL, NULL, 'ts') ON CONFLICT (id) DO NOTHING;
INSERT INTO tasks ("id", "teamId", "projektId", "teilsystemId", "title", "description", "status", "priority", "assignedTo", "dueDate", "sourceType") VALUES ('7181abbb-efa0-49c1-9f02-a1e64d6bd940', NULL, '29ff60bc-8e31-4085-b77a-01fe273d56e0', NULL, NULL, NULL, 'In Arbeit', NULL, NULL, NULL, NULL) ON CONFLICT (id) DO NOTHING;
INSERT INTO tasks ("id", "teamId", "projektId", "teilsystemId", "title", "description", "status", "priority", "assignedTo", "dueDate", "sourceType") VALUES ('944b28b9-d8e5-4d68-a080-dd915934d80a', NULL, '29ff60bc-8e31-4085-b77a-01fe273d56e0', NULL, NULL, NULL, 'Blockiert', NULL, NULL, NULL, NULL) ON CONFLICT (id) DO NOTHING;
INSERT INTO tasks ("id", "teamId", "projektId", "teilsystemId", "title", "description", "status", "priority", "assignedTo", "dueDate", "sourceType") VALUES ('a9b0e537-870a-4d18-924e-3ca6466c867b', NULL, '29ff60bc-8e31-4085-b77a-01fe273d56e0', NULL, NULL, NULL, 'Erledigt', NULL, NULL, NULL, NULL) ON CONFLICT (id) DO NOTHING;
INSERT INTO tasks ("id", "teamId", "projektId", "teilsystemId", "title", "description", "status", "priority", "assignedTo", "dueDate", "sourceType") VALUES ('b905f242-0c6c-4543-9a2f-4577b7895eef', NULL, '29ff60bc-8e31-4085-b77a-01fe273d56e0', NULL, 'TS 3299 - Stahlbau Massnahme best. Kran EKS', NULL, 'Offen', 'Mittel', NULL, NULL, 'ts') ON CONFLICT (id) DO NOTHING;
INSERT INTO tasks ("id", "teamId", "projektId", "teilsystemId", "title", "description", "status", "priority", "assignedTo", "dueDate", "sourceType") VALUES ('d8027269-2386-42e8-8a71-e9db16db209a', NULL, '29ff60bc-8e31-4085-b77a-01fe273d56e0', NULL, NULL, NULL, 'Offen', NULL, NULL, NULL, NULL) ON CONFLICT (id) DO NOTHING;
INSERT INTO tasks ("id", "teamId", "projektId", "teilsystemId", "title", "description", "status", "priority", "assignedTo", "dueDate", "sourceType") VALUES ('eff126ae-1160-456e-a381-1f4d747f532b', NULL, '29ff60bc-8e31-4085-b77a-01fe273d56e0', NULL, NULL, NULL, 'Erledigt', NULL, NULL, NULL, NULL) ON CONFLICT (id) DO NOTHING;

-- SUBTASKS (36 rows)
INSERT INTO subtasks ("id", "taskId", "title", "completed") VALUES ('00020331-c7e1-457a-aa57-f9a486e930b2', 'b905f242-0c6c-4543-9a2f-4577b7895eef', 'Vorbereitung', NULL) ON CONFLICT (id) DO NOTHING;
INSERT INTO subtasks ("id", "taskId", "title", "completed") VALUES ('0cbf04a3-0df8-4f72-ba2c-b88e75a7d49d', 'b905f242-0c6c-4543-9a2f-4577b7895eef', 'Montage', NULL) ON CONFLICT (id) DO NOTHING;
INSERT INTO subtasks ("id", "taskId", "title", "completed") VALUES ('13fc0448-fd95-4513-adfb-a91245ed2501', '224ddca9-a73d-4640-9bf3-566eb179e02e', 'Ressourcen', NULL) ON CONFLICT (id) DO NOTHING;
INSERT INTO subtasks ("id", "taskId", "title", "completed") VALUES ('1bab34f2-5021-4687-9e5b-50c7387c5323', 'b905f242-0c6c-4543-9a2f-4577b7895eef', 'Sicherheit', NULL) ON CONFLICT (id) DO NOTHING;
INSERT INTO subtasks ("id", "taskId", "title", "completed") VALUES ('3e78c58b-ae35-4b73-8833-266f7c42f176', '224ddca9-a73d-4640-9bf3-566eb179e02e', 'Qualitaet', NULL) ON CONFLICT (id) DO NOTHING;
INSERT INTO subtasks ("id", "taskId", "title", "completed") VALUES ('3e865c94-3e5b-4596-ab4a-af5265173fdb', NULL, NULL, NULL) ON CONFLICT (id) DO NOTHING;
INSERT INTO subtasks ("id", "taskId", "title", "completed") VALUES ('4abd7ac0-9f14-4fca-8ae4-cdd431f3d6a5', NULL, NULL, NULL) ON CONFLICT (id) DO NOTHING;
INSERT INTO subtasks ("id", "taskId", "title", "completed") VALUES ('54be2bf3-d89a-4865-88de-cefc1fd98ab3', NULL, NULL, NULL) ON CONFLICT (id) DO NOTHING;
INSERT INTO subtasks ("id", "taskId", "title", "completed") VALUES ('5aec720c-5ce2-4e5a-bbc2-ab9200713839', NULL, NULL, NULL) ON CONFLICT (id) DO NOTHING;
INSERT INTO subtasks ("id", "taskId", "title", "completed") VALUES ('5d4d32ca-64ad-4086-a5ec-0e938ce67bde', NULL, NULL, NULL) ON CONFLICT (id) DO NOTHING;
INSERT INTO subtasks ("id", "taskId", "title", "completed") VALUES ('5ec7b80b-4d06-4c18-92c3-5bdb156316a0', '1134963e-8927-45c8-b259-3b4f3c846c86', 'Montage', NULL) ON CONFLICT (id) DO NOTHING;
INSERT INTO subtasks ("id", "taskId", "title", "completed") VALUES ('65d3d133-b227-4326-83c7-6087d66eb947', 'b905f242-0c6c-4543-9a2f-4577b7895eef', 'Ressourcen', NULL) ON CONFLICT (id) DO NOTHING;
INSERT INTO subtasks ("id", "taskId", "title", "completed") VALUES ('6b2a47b1-3daa-447f-8594-b60cf6a0aec1', NULL, NULL, NULL) ON CONFLICT (id) DO NOTHING;
INSERT INTO subtasks ("id", "taskId", "title", "completed") VALUES ('75c02d7b-e640-4295-999a-10c368b8fa07', NULL, NULL, NULL) ON CONFLICT (id) DO NOTHING;
INSERT INTO subtasks ("id", "taskId", "title", "completed") VALUES ('7d57f9df-444c-421b-a56e-0a4d47daa163', 'b905f242-0c6c-4543-9a2f-4577b7895eef', 'Qualitaet', NULL) ON CONFLICT (id) DO NOTHING;
INSERT INTO subtasks ("id", "taskId", "title", "completed") VALUES ('8722f39c-e713-4aee-a8b4-3f93bc3244e0', NULL, NULL, NULL) ON CONFLICT (id) DO NOTHING;
INSERT INTO subtasks ("id", "taskId", "title", "completed") VALUES ('97a77ec4-ec86-473f-ae21-8e53affbad9f', NULL, NULL, NULL) ON CONFLICT (id) DO NOTHING;
INSERT INTO subtasks ("id", "taskId", "title", "completed") VALUES ('9db1a406-2362-4af4-9c39-fcc31a968707', '623e77ac-9405-4e72-84d7-a15d79440ddd', 'Sicherheit', NULL) ON CONFLICT (id) DO NOTHING;
INSERT INTO subtasks ("id", "taskId", "title", "completed") VALUES ('a3437cb6-5bd2-4443-9701-8e3f2c8375c3', NULL, NULL, NULL) ON CONFLICT (id) DO NOTHING;
INSERT INTO subtasks ("id", "taskId", "title", "completed") VALUES ('a71aeb9e-8970-4762-a588-4592d1994cc6', '224ddca9-a73d-4640-9bf3-566eb179e02e', 'Montage', NULL) ON CONFLICT (id) DO NOTHING;
INSERT INTO subtasks ("id", "taskId", "title", "completed") VALUES ('abb49397-0658-46cd-b7aa-af32abceaf5c', NULL, NULL, NULL) ON CONFLICT (id) DO NOTHING;
INSERT INTO subtasks ("id", "taskId", "title", "completed") VALUES ('afa0640d-7b67-4d38-8594-83465ba123c8', '623e77ac-9405-4e72-84d7-a15d79440ddd', 'Qualitaet', NULL) ON CONFLICT (id) DO NOTHING;
INSERT INTO subtasks ("id", "taskId", "title", "completed") VALUES ('c3088cec-2bd9-446f-ab1b-88585b813a4b', '1134963e-8927-45c8-b259-3b4f3c846c86', 'Ressourcen', NULL) ON CONFLICT (id) DO NOTHING;
INSERT INTO subtasks ("id", "taskId", "title", "completed") VALUES ('c9fd277e-e5b2-4594-ba4d-111507bede61', '1134963e-8927-45c8-b259-3b4f3c846c86', 'Sicherheit', NULL) ON CONFLICT (id) DO NOTHING;
INSERT INTO subtasks ("id", "taskId", "title", "completed") VALUES ('d2d2657e-aba5-4ef8-ac89-d34a1de491d0', NULL, NULL, NULL) ON CONFLICT (id) DO NOTHING;
INSERT INTO subtasks ("id", "taskId", "title", "completed") VALUES ('df2f7f3f-c58c-4f1f-8f47-9cd21f9146ff', NULL, NULL, NULL) ON CONFLICT (id) DO NOTHING;
INSERT INTO subtasks ("id", "taskId", "title", "completed") VALUES ('e526d174-1988-4396-aa45-3e9f7939ad94', NULL, NULL, NULL) ON CONFLICT (id) DO NOTHING;
INSERT INTO subtasks ("id", "taskId", "title", "completed") VALUES ('e5e751b3-13b9-4a49-ac76-871186562a6d', '623e77ac-9405-4e72-84d7-a15d79440ddd', 'Ressourcen', NULL) ON CONFLICT (id) DO NOTHING;
INSERT INTO subtasks ("id", "taskId", "title", "completed") VALUES ('e8383073-853d-44ef-83c4-b1bf32ace3e8', '623e77ac-9405-4e72-84d7-a15d79440ddd', 'Vorbereitung', NULL) ON CONFLICT (id) DO NOTHING;
INSERT INTO subtasks ("id", "taskId", "title", "completed") VALUES ('e94e5e6d-5a8c-4867-a466-7e0a20ba1c6f', '224ddca9-a73d-4640-9bf3-566eb179e02e', 'Vorbereitung', NULL) ON CONFLICT (id) DO NOTHING;
INSERT INTO subtasks ("id", "taskId", "title", "completed") VALUES ('ed1886f0-6e2d-4993-ba8a-8fa027a6bf4f', '623e77ac-9405-4e72-84d7-a15d79440ddd', 'Montage', NULL) ON CONFLICT (id) DO NOTHING;
INSERT INTO subtasks ("id", "taskId", "title", "completed") VALUES ('ee256f25-6039-4e03-acfa-cea37ec04d6c', NULL, NULL, NULL) ON CONFLICT (id) DO NOTHING;
INSERT INTO subtasks ("id", "taskId", "title", "completed") VALUES ('f0c23cf7-fc15-4dca-b867-8c9f9bcf8539', '1134963e-8927-45c8-b259-3b4f3c846c86', 'Qualitaet', NULL) ON CONFLICT (id) DO NOTHING;
INSERT INTO subtasks ("id", "taskId", "title", "completed") VALUES ('f7508ff0-3e1d-456c-9f94-5356b0879465', '224ddca9-a73d-4640-9bf3-566eb179e02e', 'Sicherheit', NULL) ON CONFLICT (id) DO NOTHING;
INSERT INTO subtasks ("id", "taskId", "title", "completed") VALUES ('fe02a57d-6061-4349-980c-36cac881dc06', NULL, NULL, NULL) ON CONFLICT (id) DO NOTHING;
INSERT INTO subtasks ("id", "taskId", "title", "completed") VALUES ('ff4c3d2c-5692-425f-8ba6-0afd6225c270', '1134963e-8927-45c8-b259-3b4f3c846c86', 'Vorbereitung', NULL) ON CONFLICT (id) DO NOTHING;

-- AUSFUEHRUNG_TASKS (5 rows)
INSERT INTO ausfuehrung_tasks ("id", "projektId", "teilsystemId", "title", "description", "status", "priority", "assignedTo", "dueDate") VALUES ('06b68ea6-23f7-4c4a-8c12-81c7cd760269', '29ff60bc-8e31-4085-b77a-01fe273d56e0', NULL, 'TS 3299: Stahlbau Massnahme best. Kran EKS', '', 'Offen', 'Mittel', NULL, NULL) ON CONFLICT (id) DO NOTHING;
INSERT INTO ausfuehrung_tasks ("id", "projektId", "teilsystemId", "title", "description", "status", "priority", "assignedTo", "dueDate") VALUES ('997cdb75-4a81-4afa-8117-a37ec8aba5ed', '29ff60bc-8e31-4085-b77a-01fe273d56e0', '10e7a7a5-d6b9-4df1-9b37-ac33041a256c', 'TS 1631: Einlagewinkel', '', 'offen', 'mittel', NULL, NULL) ON CONFLICT (id) DO NOTHING;
INSERT INTO ausfuehrung_tasks ("id", "projektId", "teilsystemId", "title", "description", "status", "priority", "assignedTo", "dueDate") VALUES ('b026a173-3d8f-4fd7-9764-1f5a55199fff', '29ff60bc-8e31-4085-b77a-01fe273d56e0', '6a4632ae-7b10-4510-a1b0-a86e4106d9df', 'TS 2402: Stahlauswechslungen Treppenhaus WT', '', 'offen', 'mittel', NULL, NULL) ON CONFLICT (id) DO NOTHING;
INSERT INTO ausfuehrung_tasks ("id", "projektId", "teilsystemId", "title", "description", "status", "priority", "assignedTo", "dueDate") VALUES ('bbb3b884-223f-4bd8-9724-e66de8f17330', '29ff60bc-8e31-4085-b77a-01fe273d56e0', NULL, 'TS 2102: Stossverbinder zu Stützwand + Auflager Treppe', 'IFC: IFC4 | Units: SI
Source file: 2102 Stossverbinder zu Stützwand + Auflager Treppe.ifc', 'Offen', 'Mittel', NULL, NULL) ON CONFLICT (id) DO NOTHING;
INSERT INTO ausfuehrung_tasks ("id", "projektId", "teilsystemId", "title", "description", "status", "priority", "assignedTo", "dueDate") VALUES ('e2d084a8-46a5-48b8-8bc1-9068df0030bd', '29ff60bc-8e31-4085-b77a-01fe273d56e0', '93b551bc-39b8-45dd-ad9a-fd3585bb93ae', 'Fundamente Rühlwand', '', 'in_arbeit', 'mittel', NULL, NULL) ON CONFLICT (id) DO NOTHING;

-- AUSFUEHRUNG_SUBTASKS (5 rows)
INSERT INTO ausfuehrung_subtasks ("id", "taskId", "title", "completed") VALUES ('4f067a36-471c-401e-bcbc-3c2d78368160', 'e2d084a8-46a5-48b8-8bc1-9068df0030bd', 'Vorbereitung', NULL) ON CONFLICT (id) DO NOTHING;
INSERT INTO ausfuehrung_subtasks ("id", "taskId", "title", "completed") VALUES ('594a9738-61f4-411d-a890-998a8d710426', 'e2d084a8-46a5-48b8-8bc1-9068df0030bd', 'Schalen', NULL) ON CONFLICT (id) DO NOTHING;
INSERT INTO ausfuehrung_subtasks ("id", "taskId", "title", "completed") VALUES ('908aa782-5d3d-4825-b89b-ff766e03685f', 'e2d084a8-46a5-48b8-8bc1-9068df0030bd', 'Betonieren', NULL) ON CONFLICT (id) DO NOTHING;
INSERT INTO ausfuehrung_subtasks ("id", "taskId", "title", "completed") VALUES ('9bdf51bb-d798-47e3-b4e7-8acd87a53231', 'e2d084a8-46a5-48b8-8bc1-9068df0030bd', 'Armieren', NULL) ON CONFLICT (id) DO NOTHING;
INSERT INTO ausfuehrung_subtasks ("id", "taskId", "title", "completed") VALUES ('f452feaf-184d-4a71-b3e4-c0693b4bc499', 'e2d084a8-46a5-48b8-8bc1-9068df0030bd', 'Auschalen', NULL) ON CONFLICT (id) DO NOTHING;

-- USERS (4 rows)
INSERT INTO users ("id", "username", "email", "passwordHash", "role", "name", "department", "aktiv") VALUES ('00000000-0000-0000-0000-000000000001', NULL, 'admin@methabau.ch', 'c1c1e644fec6c4e042a80c144b093a98:a0dc87bbe7cf04da88a3c02f3ebc5723413c887bb6f91b38b692b329d2d221947f8dcd995a8fdbe3e5a26c5efe9b20bf46d8e0e52b8d37a283a42bb553af8427', 'admin', NULL, 'IT / Management', NULL) ON CONFLICT (id) DO NOTHING;
INSERT INTO users ("id", "username", "email", "passwordHash", "role", "name", "department", "aktiv") VALUES ('e968d27c-67ef-4ded-b9b3-27c8ec6e722c', NULL, 'j.wagner@methabau.ch', '00000000000000000000000000000000:510c749b88d3c1a5dc2d171b17851ef7b3ad2a526ca12fe8d4784776cf7b8ecd5f5b4b74543f2ed79b9acb4bb40c3463399d0363083024c384eff3a29f3ce14a', 'admin', NULL, 'Management', NULL) ON CONFLICT (id) DO NOTHING;
INSERT INTO users ("id", "username", "email", "passwordHash", "role", "name", "department", "aktiv") VALUES ('eb75bd47-6bbc-4348-8831-d075280bf461', NULL, 'j.mathis@methabau.ch', '00000000000000000000000000000000:510c749b88d3c1a5dc2d171b17851ef7b3ad2a526ca12fe8d4784776cf7b8ecd5f5b4b74543f2ed79b9acb4bb40c3463399d0363083024c384eff3a29f3ce14a', 'admin', NULL, 'Management', NULL) ON CONFLICT (id) DO NOTHING;
INSERT INTO users ("id", "username", "email", "passwordHash", "role", "name", "department", "aktiv") VALUES ('fcc1be4c-67b0-4176-8beb-48c1bdf76d73', NULL, 'm.fitzi@methabau.ch', '00000000000000000000000000000000:510c749b88d3c1a5dc2d171b17851ef7b3ad2a526ca12fe8d4784776cf7b8ecd5f5b4b74543f2ed79b9acb4bb40c3463399d0363083024c384eff3a29f3ce14a', 'admin', NULL, 'Management', NULL) ON CONFLICT (id) DO NOTHING;

-- DASHBOARD_REQUESTS (2 rows)
INSERT INTO dashboard_requests ("id", "userId", "projektId", "action", "status", "payload") VALUES ('5343d7f8-8195-4d92-a01d-cc04f70d32b3', '00000000-0000-0000-0000-000000000001', '29ff60bc-8e31-4085-b77a-01fe273d56e0', NULL, 'pending', NULL) ON CONFLICT (id) DO NOTHING;
INSERT INTO dashboard_requests ("id", "userId", "projektId", "action", "status", "payload") VALUES ('b8f34041-c6ed-43ee-a501-02d7f3e93b2d', '00000000-0000-0000-0000-000000000001', '29ff60bc-8e31-4085-b77a-01fe273d56e0', NULL, 'pending', NULL) ON CONFLICT (id) DO NOTHING;

-- CHANGELOG (3 rows)
INSERT INTO changelog ("id", "entityId", "entityType", "projektId", "field", "oldValue", "newValue", "changedBy") VALUES ('472d6d01-e907-4197-afca-07c12705038c', '93b551bc-39b8-45dd-ad9a-fd3585bb93ae', 'teilsystem', '29ff60bc-8e31-4085-b77a-01fe273d56e0', NULL, NULL, NULL, 'Admin Methabau') ON CONFLICT (id) DO NOTHING;
INSERT INTO changelog ("id", "entityId", "entityType", "projektId", "field", "oldValue", "newValue", "changedBy") VALUES ('5eb0a123-01b7-451d-9d2a-ab19419a4ab6', '4a5c913b-2d1f-4c76-b6aa-c20635f49877', 'teilsystem', '29ff60bc-8e31-4085-b77a-01fe273d56e0', NULL, NULL, NULL, 'Admin Methabau') ON CONFLICT (id) DO NOTHING;
INSERT INTO changelog ("id", "entityId", "entityType", "projektId", "field", "oldValue", "newValue", "changedBy") VALUES ('896a27e5-2b8d-41f9-938d-a3f4367b3eef', '31123b4f-8164-4024-a02a-6b2167b6af24', 'teilsystem', '29ff60bc-8e31-4085-b77a-01fe273d56e0', NULL, NULL, NULL, 'Admin Methabau') ON CONFLICT (id) DO NOTHING;


COMMIT;